"","Country.Territory","Status","PR.Rating","CL.Rating","A1","A2","A3","A.Aggr","B1","B2","B3","B4","B.Aggr","C1","C2","C3","C.Aggr","Add.A","Add.B","PR.Aggr","D1","D2","D3","D4","D.Aggr","E1","E2","E3","E.Aggr","F1","F2","F3","F4","F.Aggr","G1","G2","G3","G4","G.Aggr","CL.Aggr","Total.Aggr","Year.x","Region.x","pti.COW_Code_A","pti.COW_Code_N","pti.WordBank_Code_A","pti.UN_Code_N","pti.Region.y","pti.PTS_A","pti.PTS_H","pti.PTS_S","HDI.Country","unhdi.Human.Development.Index..HDI.","unhdi.Human.Dev.Category","unhdi.Life.expectancy.at.birth","unhdi.HDI.rank","unhdi.Expected.years.of.schooling","unhdi.Mean.years.of.schooling","unhdi.Gross.national.income..GNI..per.capita","unhdi.GNI.per.capita.rank.minus.HDI.rank","unhdi.Mobile.phone.subscriptions..per.100.people.","unhdi.Internet.users....of.population.","unhdi.Foreign.direct.investment..net.inflows....of.GDP.","unhdi.Private.capital.flows..","unhdi.Net.official.development.assistance.received","unhdi.Remittances..inflows","unhdi.Net.migration.rate","unhdi.Stock.of.immigrants","unhdi.International.student.mobility","unhdi.International.inbound.tourists","FSI_Total","FSI_Demographic.Pressures","FSI_Refugees.and.IDPs","FSI_Group.Grievance","FSI_Human.Flight","FSI_Uneven.Development","FSI_Poverty.and.Economic.Decline","FSI_Legitimacy.of.the.State","FSI_Public.Services","FSI_Human.Rights","FSI_Security.Apparatus","FSI_Factionalized.Elites","FSI_External.Intervention","TI_Rank","TI_CPI2015","TI_Country","TI_Region","TI_wbcode","TI_World.Bank.CPIA","TI_World.Economic.Forum.EOS","TI_Bertelsmann.Foundation.TI","TI_African.Dev.Bank","TI_IMD.World.Competitiveness.Yearbook","TI_Bertelsmann.Foundation.SGI","TI_World.Justice.Project.ROL","TI_PRS.International.Country.Risk.Guide","TI_Economist.Intelligence.Unit","TI_IHS.Global.Insight","TI_PERC.Asia.Risk.Guide","TI_Freedom.House.NIT","TI_CPI2015.2.","TI_Rank2","TI_Number.of.Sources","TI_Std.Deviation.of.Sources","TI_Standard.Error","TI_Minimum","TI_Maximum","TI_Lower.CI","TI_Upper.CI"
"1","Abkhazia","PF",4,5,3,2,1,6,2,3,2,1,8,1,1,2,4,0,0,18,2,2,1,3,8,3,2,1,6,1,1,1,1,4,1,1,2,1,5,23,41,2015,"Eurasia",NA,NA,NA,NA,NA,NA,NA,NA,NA,NA,NA,NA,NA,NA,NA,NA,NA,NA,NA,NA,NA,NA,NA,NA,NA,NA,NA,NA,NA,NA,NA,NA,NA,NA,NA,NA,NA,NA,NA,NA,NA,NA,NA,NA,NA,NA,NA,NA,NA,NA,NA,NA,NA,NA,NA,NA,NA,NA,NA,NA,NA,NA,NA,NA,NA,NA
"2","Afghanistan","NF",6,6,1,1,1,3,2,1,1,2,6,1,1,0,2,0,0,11,1,1,1,2,5,2,1,1,4,1,0,0,1,2,0,1,0,1,2,13,24,2015,"Asia Pacific","AFG",700,"AFG",4,"sa",5,5,4,"Afghanistan","0.465","Low","60.4","171","9.3","3.2","1,885","-7",74.9,6.4,0.3,0,25.7,2.65,-2.6,0.3,"-5.8",NA,107.9,9.3,9.1,8.9,8.1,7.2,8.6,9.7,9.3,8.6,10,9.3,9.8,166,11,"Afghanistan","AP","AFG",12,NA,19,NA,NA,NA,2,NA,NA,11,NA,NA,11,166,4,6.98,3.49,2,19,5.2415,16.7585
"3","Albania","PF",3,3,3,3,2,8,3,4,3,3,13,3,1,2,6,0,0,27,2,4,3,4,13,4,3,2,9,2,2,2,3,9,3,2,2,2,9,40,67,2015,"Europe","ALB",339,"ALB",8,"eca",3,NA,2,"Albania","0.733","High","77.8","85","11.8","9.3","9,943","14",105.5,60.1,9.7,-8.3,2.3,8.46,-3.2,3.1,"-12.1","2,857",61.9,4.1,3.1,5,7.1,4.2,5.2,6.2,4.5,5.5,4.7,6.2,6.1,88,36,"Albania","ECA","ALB",NA,49,36,NA,NA,NA,18,41,38,32,NA,37,36,88,7,9.48,3.58,18,49,30.093,41.907
"4","Algeria","NF",6,5,1,2,1,4,1,1,1,1,4,1,1,1,3,0,0,11,1,1,2,3,7,1,1,2,4,1,1,1,2,5,2,2,2,1,7,23,34,2015,"Middle East and North Africa","ALG",615,"DZA",12,"mena",3,3,2,"Algeria","0.736","High","74.8","83","14.0","7.6","13,054","-1",93.3,18.1,0.8,-1,0.1,0.1,-0.3,0.7,"-1.1","2,634",79.6,5.7,6.4,8.2,5.1,6,6.4,7.8,5.8,7.1,8,7.7,5.4,88,36,"Algeria","MENA","DZA",NA,34,36,NA,NA,NA,NA,31,38,42,NA,NA,36,88,5,4.15,1.86,31,42,32.931,39.069
"5","Andorra","F",1,1,4,4,4,12,4,4,3,4,15,4,4,4,12,0,0,39,4,4,4,4,16,4,4,3,11,4,4,4,3,15,4,3,4,4,15,57,96,2015,"Europe","AND",232,"ADO",20,"eca",NA,NA,1,"Andorra","0.845","Very High","81.3","34","13.5","9.6","43,978","-18",82.6,95.9,NA,NA,NA,NA,NA,56.9,"-182.3","2,335",NA,NA,NA,NA,NA,NA,NA,NA,NA,NA,NA,NA,NA,NA,NA,NA,NA,NA,NA,NA,NA,NA,NA,NA,NA,NA,NA,NA,NA,NA,NA,NA,NA,NA,NA,NA,NA,NA,NA
"6","Angola","NF",6,5,0,2,1,3,2,1,1,2,6,1,0,0,1,0,0,10,1,2,2,2,7,1,2,1,4,1,1,1,1,4,1,1,1,0,3,18,28,2015,"Sub-Saharan Africa","ANG",540,"AGO",24,"ssa",3,3,3,"Angola","0.532","Low","52.3","149","11.4","4.7","6,822","-30",63.5,21.3,-5.7,10.7,0.3,0,0.6,0.4,NA,"650",88.1,8.7,7.6,7.3,6,9.6,5.6,8.3,8.9,7.3,6,7.2,5.6,163,15,"Angola","SSA","AGO",NA,17,15,NA,NA,NA,NA,12,21,11,NA,NA,15,163,5,4.02,1.8,11,21,12.03,17.97
"7","Antigua and Barbuda","F",2,2,4,4,3,11,3,4,3,3,13,3,2,2,7,0,0,31,2,4,4,4,14,3,3,3,9,3,3,4,3,13,4,3,3,3,13,49,80,2015,"Americas","AAB",58,"ATG",28,"lac",NA,NA,1,"Antigua and Barbuda","0.783","High","76.1","58","14.0","9.2","20,070","-1",120,64,11.2,-11.6,0.1,1.76,-0.1,31.9,"-19.0","244",57.8,4.6,3,3.9,7.3,5,5,5.9,3.9,4.5,5.2,3.7,5.8,NA,NA,NA,NA,NA,NA,NA,NA,NA,NA,NA,NA,NA,NA,NA,NA,NA,NA,NA,NA,NA,NA,NA,NA,NA,NA
"8","Argentina","F",2,2,4,4,3,11,4,3,4,3,14,3,1,2,6,0,0,31,2,4,4,4,14,4,4,3,11,2,3,3,3,11,3,3,4,3,13,49,80,2015,"Americas","ARG",160,"ARG",32,"lac",2,2,2,"Argentina","0.836","Very High","76.3","40","17.9","9.8","22,050","11",158.7,64.7,1.9,-1.7,0,0.09,-0.5,4.5,NA,"5,571",47.6,3.8,2,5,3,5.4,4.9,4.7,4.3,4.1,3.6,2.8,4,107,32,"Argentina","AME","ARG",NA,28,36,NA,25,NA,37,31,38,32,NA,NA,32,107,7,4.86,1.84,25,38,28.964,35.036
"9","Armenia","PF",5,4,1,2,2,5,2,2,1,2,7,1,1,2,4,0,0,16,2,2,2,3,9,2,2,2,6,1,1,2,2,6,3,2,2,2,9,30,46,2015,"Eurasia","ARM",371,"ARM",51,"eca",3,3,2,"Armenia","0.733","High","74.7","85","12.3","10.9","8,124","22",115.9,46.3,3.5,-10,2.7,21.01,-3.4,10.6,"-2.6","1,084",69.7,3.6,7,5.4,6,5,6,7,4.1,6.5,5.3,7,6.8,95,35,"Armenia","ECA","ARM",NA,45,28,NA,NA,NA,NA,31,NA,32,NA,37,35,95,5,6.66,2.98,28,45,30.083,39.917
"10","Australia","F",1,1,4,4,4,12,4,4,4,3,15,4,4,4,12,0,0,39,4,4,4,4,16,4,4,4,12,4,4,4,3,15,4,4,4,3,15,58,97,2015,"Asia Pacific","AUL",900,"AUS",36,"eap",2,2,1,"Australia","0.935","Very High","82.4","2","20.2","13.0","42,261","17",131.2,84.6,3.3,-6.8,NA,0.16,6.5,27.7,"17.1","6,382",24.3,1.8,2.1,4.4,1,2.7,2.1,1.1,2,2.4,2.1,1.6,1,13,79,"Australia","AP","AUS",NA,81,NA,NA,82,81,81,79,71,83,74,NA,79,13,8,4.24,1.5,71,83,76.525,81.475
"11","Austria","F",1,1,4,4,4,12,4,4,4,3,15,4,3,4,11,0,0,38,4,4,4,4,16,4,4,4,12,4,4,4,3,15,4,4,4,3,15,58,96,2015,"Europe","AUS",305,"AUT",40,"eca",2,NA,1,"Austria","0.885","Very High","81.4","23","15.7","10.8","43,869","-5",151.9,81,3.6,0,NA,0.66,3.5,15.7,"13.1","24,800",26,2.4,2,4.3,1.5,3.4,2.2,1.4,1.6,1.7,1.1,2.7,1.7,16,76,"Austria","WE/EU","AUT",NA,77,NA,NA,70,81,81,79,71,73,NA,NA,76,16,7,4.65,1.76,70,81,73.096,78.904
"12","Azerbaijan","NF",6,6,0,0,1,1,1,0,1,1,3,1,1,0,2,0,0,6,0,1,1,2,4,0,0,1,1,1,1,0,1,3,2,1,2,1,6,14,20,2015,"Eurasia","AZE",373,"AZE",31,"eca",3,3,3,"Azerbaijan","0.751","High","70.8","78","11.9","11.2","16,428","-11",110.9,61,3.6,-2.5,-0.1,2.36,0,3.4,"-6.6","2,130",77.3,5.1,7.6,6.4,4.3,5.9,4.1,8.6,5.4,8.4,6.7,7.9,6.9,119,29,"Azerbaijan","ECA","AZE",NA,37,23,NA,NA,NA,NA,21,38,32,NA,21,29,119,6,7.97,3.25,21,38,23.6375,34.3625
"13","Bahamas","F",1,1,4,4,4,12,4,4,4,4,16,4,3,3,10,0,0,38,4,4,4,4,16,4,4,4,12,4,4,4,3,15,4,4,4,3,15,58,96,2015,"Americas","BHM",31,"BHS",44,"lac",3,NA,2,"Bahamas","0.790","High","75.4","55","12.6","10.9","21,336","-3",71.4,76.9,4.5,-4.1,NA,NA,5.2,16.3,NA,"1,364",51.6,6.1,2.8,4.1,5,5,4.7,4.3,4.4,3,4,4.5,3.7,NA,NA,NA,NA,NA,NA,NA,NA,NA,NA,NA,NA,NA,NA,NA,NA,NA,NA,NA,NA,NA,NA,NA,NA,NA,NA
"14","Bahrain","NF",7,6,0,1,1,2,1,1,0,0,2,1,2,0,3,0,2,5,0,1,0,1,2,0,0,1,1,0,1,0,0,1,1,2,2,1,6,10,15,2015,"Middle East and North Africa","BAH",692,"BHR",48,"mena",4,3,2,"Bahrain","0.824","Very High","76.6","45","14.4","9.4","38,599","-20",173.3,91,3,-10.4,NA,NA,3.4,54.7,"-4.7","9,163",64.3,4.6,2.6,7.7,3.5,5.1,3.2,8.4,2.3,7.8,6.7,7.1,5.3,50,51,"Bahrain","MENA","BHR",NA,80,36,NA,NA,NA,NA,50,38,52,NA,NA,51,50,5,17.58,7.86,36,80,38.031,63.969
"15","Bangladesh","PF",4,4,2,2,3,7,2,2,2,3,9,2,1,2,5,0,0,21,2,2,2,2,8,2,2,2,6,2,1,2,1,6,3,2,2,2,9,29,50,2015,"Asia Pacific","BNG",771,"BGD",50,"sa",4,4,4,"Bangladesh","0.570","Medium","71.6","142","10.0","5.1","3,191","5",75.9,9.6,1,-0.9,1.6,9.24,-2.6,0.9,"-1.1","148",91.8,8.1,6.6,8.4,7.5,7.2,6.7,8.5,8.1,7.7,7.7,9.6,5.7,139,25,"Bangladesh","AP","BGD",23,19,23,NA,NA,NA,16,50,21,22,NA,NA,25,139,7,11.36,4.29,16,50,17.9215,32.0785
"16","Barbados","F",1,1,4,4,4,12,4,4,4,4,16,4,4,4,12,0,0,40,4,4,4,4,16,4,4,4,12,4,4,4,4,16,4,4,3,4,15,59,99,2015,"Americas","BAR",53,"BRB",52,"lac",NA,NA,2,"Barbados","0.785","High","75.6","57","15.4","10.5","12,488","27",106.8,76.7,12.2,-9.6,0.4,1.85,1.4,11.3,"3.9","509",49.3,3.8,2.7,4.1,5.4,5.1,5.7,3,2.7,2.9,4.3,4.2,5.4,NA,NA,NA,NA,NA,NA,NA,NA,NA,NA,NA,NA,NA,NA,NA,NA,NA,NA,NA,NA,NA,NA,NA,NA,NA,NA
"17","Belarus","NF",7,6,0,0,0,0,1,0,1,1,3,0,1,0,1,0,0,4,1,1,0,1,3,0,1,0,1,0,1,0,0,1,1,1,2,1,5,10,14,2015,"Eurasia","BLR",370,"BLR",112,"eca",2,3,2,"Belarus","0.798","High","71.3","50","15.7","12.0","16,676","14",122.5,59,3.1,-2.7,0.2,1.69,-0.2,11.6,"-4.0","137",75.6,5.6,4.1,6.8,3.4,5.2,6.1,8.6,4.7,8.4,6.6,8.3,7.8,107,32,"Belarus","ECA","BLR",NA,NA,28,NA,NA,NA,52,31,21,32,NA,26,32,107,6,10.71,4.37,21,52,24.7895,39.2105
"18","Belgium","F",1,1,4,4,4,12,4,4,4,4,16,4,4,4,12,0,0,40,4,3,4,4,15,4,4,4,12,4,4,4,3,15,4,4,4,3,15,57,97,2015,"Europe","BEL",211,"BEL",56,"eca",1,NA,1,"Belgium","0.890","Very High","80.8","21","16.3","11.3","41,187","0",114.3,85,-0.6,-10,NA,2.12,2.7,10.4,"6.6","7,684",30.4,2.5,1.6,4.1,1.9,3.2,4.5,1.9,2.1,1.2,2,3.9,1.5,15,77,"Belgium","WE/EU","BEL",NA,79,NA,NA,77,81,76,79,71,73,NA,NA,77,15,7,3.55,1.34,71,81,74.789,79.211
"19","Belize","F",1,2,4,4,4,12,4,4,4,2,14,4,2,4,10,0,0,36,3,4,4,4,15,3,4,4,11,3,3,3,3,12,4,3,3,3,13,51,87,2015,"Americas","BLZ",80,"BLZ",84,"lac",NA,NA,2,"Belize","0.715","High","70.0","101","13.6","10.5","7,614","9",50.7,38.7,5.5,-4.5,3.3,4.58,4.6,15.3,NA,"294",65.3,5.9,4.1,4.1,6.5,6.2,5.9,5.7,5.8,4.1,5.8,4.3,6.9,NA,NA,NA,NA,NA,NA,NA,NA,NA,NA,NA,NA,NA,NA,NA,NA,NA,NA,NA,NA,NA,NA,NA,NA,NA,NA
"20","Benin","F",2,2,3,3,2,8,4,4,4,4,16,3,2,3,8,0,0,32,3,4,4,4,15,4,4,4,12,3,3,3,3,12,3,3,2,2,10,49,81,2015,"Sub-Saharan Africa","BEN",434,"BEN",204,"ssa",2,NA,2,"Benin","0.480","Low","59.6","166","11.1","3.3","1,767","0",101.7,5.3,3.9,-0.9,7.9,2.75,-0.2,2.3,"4.3","231",78.8,8.2,6,3.9,6.8,7.5,6.6,6.2,8.6,5.6,6.2,6.1,7.1,83,37,"Benin","SSA","BEN",47,25,32,47,NA,NA,NA,NA,NA,32,NA,NA,37,83,5,9.91,4.43,25,47,29.6905,44.3095
"21","Bhutan","PF",3,4,3,4,3,10,3,4,2,1,10,3,3,4,10,0,1,29,2,2,2,3,9,2,1,1,4,3,1,1,1,6,2,2,2,2,8,27,56,2015,"Asia Pacific","BHU",760,"BTN",64,"sa",NA,NA,2,"Bhutan","0.605","Medium","69.5","132","12.6","3.0","7,176","-17",82.1,34.4,2.8,NA,8.1,0.66,2.7,6.7,"-29.9","116",78.7,6,6.9,7.9,6.8,6.9,5.7,5,6.6,6.5,5,7.5,7.9,27,65,"Bhutan","AP","BTN",70,60,66,NA,NA,NA,NA,NA,NA,63,NA,NA,65,27,4,4.27,2.14,60,70,61.469,68.531
"22","Bolivia","PF",3,3,4,4,3,11,3,2,3,3,11,3,2,2,7,0,0,29,2,4,4,4,14,3,3,3,9,1,1,2,2,6,3,2,3,2,10,39,68,2015,"Americas",NA,NA,NA,NA,NA,NA,NA,NA,"Bolivia (Plurinational State of)","0.662","Medium","68.3","119","13.2","8.2","5,760","4",96.3,39,5.7,-4.3,2.4,3.93,-2.4,1.4,NA,"798",78,6.7,3.8,6.5,6.4,8.6,5.4,7,6.9,5.9,6.6,8,6.2,99,34,"Bolivia","AME","BOL",47,25,36,NA,NA,NA,20,31,38,42,NA,NA,34,99,7,9.48,3.58,20,47,28.093,39.907
"23","Bosnia-Herzegovina","PF",4,3,3,3,2,8,3,3,2,2,10,2,2,1,5,0,0,23,2,3,2,3,10,3,2,2,7,3,2,3,2,10,3,2,3,2,10,37,60,2015,"Europe",NA,NA,NA,NA,NA,NA,NA,NA,"Bosnia and Herzegovina","0.733","High","76.5","85","13.6","8.3","9,638","19",91.3,60.8,1.8,-1.1,3,10.8,-0.3,0.6,"-3.2","529",77.4,6.1,7.3,7.1,5.5,5.6,5.8,7,4.1,5.8,6.2,8.7,8.2,76,38,"Bosnia and Herzegovina","ECA","BIH",NA,32,40,NA,NA,NA,34,NA,38,42,NA,42,38,76,6,4.2,1.71,32,42,35.1785,40.8215
"24","Botswana","F",3,2,3,4,3,10,3,2,3,2,10,3,3,2,8,0,0,28,2,4,3,3,12,4,4,2,10,3,3,3,3,12,3,3,2,3,11,45,73,2015,"Sub-Saharan Africa","BOT",571,"BWA",72,"ssa",NA,NA,1,"Botswana","0.698","Medium","64.5","106","12.5","8.9","16,646","-41",167.3,18.5,1.3,7.1,0.7,0.24,2,7.2,"-5.4","2,145",62.8,7.5,5.2,5.4,5.1,7.7,6.3,3.8,6,4.4,3.5,3.3,4.6,28,63,"Botswana","SSA","BWA",NA,59,58,NA,NA,NA,58,69,71,63,NA,NA,63,28,6,5.76,2.35,58,71,59.1225,66.8775
"25","Brazil","F",2,2,4,3,4,11,4,4,3,3,14,3,2,3,8,0,0,33,3,4,4,4,15,3,4,3,10,3,2,2,3,10,4,3,3,3,13,48,81,2015,"Americas","BRA",140,"BRA",76,"lac",4,4,4,"Brazil","0.755","High","74.5","75","15.2","7.7","15,175","-1",139,57.6,3.6,-4.1,0.1,0.11,-0.2,0.3,"-0.2","5,813",62.6,7.6,3.1,5.9,4.1,7.7,3.9,5.1,5.9,5.8,5.9,4.9,2.7,76,38,"Brazil","AME","BRA",NA,25,62,NA,25,NA,34,31,38,52,NA,NA,38,76,7,13.99,5.29,25,62,29.2715,46.7285
"26","Brunei","NF",6,5,0,0,0,0,1,0,1,1,3,0,2,1,3,1,0,7,1,1,2,2,6,1,1,1,3,1,2,2,1,6,2,2,2,2,8,23,30,2015,"Asia Pacific",NA,NA,NA,NA,NA,NA,NA,NA,"Brunei Darussalam","0.856","Very High","78.8","31","14.5","8.8","72,570","-26",110.1,68.8,5.6,-1,NA,NA,0.8,49.3,"-38.3","225",63,4.2,2.7,5.9,4.6,7.8,2.8,8,2.2,7.7,5.6,7.4,4.1,NA,NA,NA,NA,NA,NA,NA,NA,NA,NA,NA,NA,NA,NA,NA,NA,NA,NA,NA,NA,NA,NA,NA,NA,NA,NA
"27","Bulgaria","F",2,2,4,4,3,11,4,4,3,3,14,4,2,2,8,0,0,33,3,3,4,4,14,4,4,3,11,3,2,3,2,10,4,2,3,2,11,46,79,2015,"Europe","BUL",355,"BGR",100,"eca",2,NA,2,"Bulgaria","0.782","High","74.2","59","14.4","10.6","15,596","13",137.7,55.5,3.5,-2,NA,3.06,-1.4,1.2,"-4.6","6,898",55.4,4.2,3.5,5.2,4.6,4.9,6.2,5,4.2,3.4,4.1,5.3,4.8,69,41,"Bulgaria","WE/EU","BGR",NA,38,53,NA,32,49,32,41,38,42,NA,47,41,69,9,7.28,2.43,32,53,36.9905,45.0095
"28","Burkina Faso","PF",6,3,0,0,2,2,2,1,1,2,6,0,1,0,1,0,0,9,2,4,3,4,13,2,3,3,8,1,2,2,2,7,3,2,1,2,8,36,45,2015,"Sub-Saharan Africa","BFO",439,"BFA",854,"ssa",3,NA,3,"Burkina Faso","0.402","Low","58.7","183","7.8","1.4","1,591","-13",71.7,9.4,2.9,1.8,8.1,1.34,-1.5,4.1,"-2.0","218",89.2,9.1,7.1,5,6.9,8.1,7.1,8.1,8.9,6.2,7.4,7.8,7.5,76,38,"Burkina Faso","SSA","BFA",47,29,32,45,NA,NA,28,41,NA,42,NA,NA,38,76,7,7.87,2.97,28,47,33.0995,42.9005
"29","Burma","NF",6,6,0,2,1,3,2,2,1,1,6,2,0,1,3,0,3,9,1,1,1,3,6,1,2,1,4,0,1,0,0,1,2,1,1,1,5,16,25,2015,"Asia Pacific",NA,NA,NA,NA,NA,NA,NA,NA,"Myanmar","0.536","Low","65.9","148","8.6","4.1","4,608","-12",49.5,2.1,NA,NA,NA,NA,-0.4,0.2,"-1.0","2,044",NA,NA,NA,NA,NA,NA,NA,NA,NA,NA,NA,NA,NA,147,22,"Myanmar","AP","MMR",35,27,19,NA,NA,NA,19,21,21,11,NA,NA,22,147,7,7.47,2.82,11,35,17.347,26.653
"30","Burundi","NF",6,5,1,1,2,4,1,0,1,3,5,1,0,1,2,0,0,11,1,3,2,2,8,0,2,1,3,1,1,1,1,4,2,2,1,1,6,21,32,2015,"Sub-Saharan Africa","BUI",516,"BDI",108,"ssa",4,4,4,"Burundi","0.400","Low","56.7","184","10.1","2.7","758","1",30.5,1.4,0.3,NA,20.1,1.79,-0.4,2.5,"-3.5","142",98.1,9.2,9,8,6.8,7.7,8.5,8.4,8.3,8.2,7.7,7.9,8.4,150,21,"Burundi","SSA","BDI",23,28,19,25,NA,NA,NA,NA,NA,11,NA,NA,21,150,5,6.57,2.94,11,28,16.149,25.851
"31","Cambodia","NF",6,5,1,1,2,4,1,1,1,1,4,1,1,1,3,0,0,11,1,3,2,3,9,1,1,1,3,0,0,1,1,2,2,1,2,1,6,20,31,2015,"Asia Pacific","CAM",811,"KHM",116,"eap",2,3,2,"Cambodia","0.555","Medium","68.4","143","10.9","4.4","2,949","7",155.1,9,8.8,-8.4,5.6,1.15,-2.3,0.5,"-2.7","4,210",87.9,7,5.8,7.4,7.5,7.1,6.4,8.4,7.7,8.3,6.7,8.2,7.4,150,21,"Cambodia","AP","KHM",12,35,15,NA,NA,NA,10,NA,21,22,35,NA,21,150,7,10.24,3.87,10,35,14.6145,27.3855
"32","Cameroon","NF",6,6,1,1,1,3,1,0,1,1,3,1,1,1,3,0,0,9,1,2,2,2,7,1,1,1,3,0,1,1,0,2,1,1,1,1,4,16,25,2015,"Sub-Saharan Africa","CAO",471,"CMR",120,"ssa",3,NA,3,"Cameroon","0.512","Low","55.5","153","10.4","6.0","2,803","-1",75.7,11,1.1,-2.1,2.5,0.83,-0.5,1.3,"-8.0","912",94.3,8,7.8,8.1,7.5,7.8,6.2,8.4,8.8,8,7.6,9.1,7,130,27,"Cameroon","SSA","CMR",23,30,28,45,NA,NA,14,31,21,22,NA,NA,27,130,8,9.22,3.26,14,45,21.621,32.379
"33","Canada","F",1,1,4,4,4,12,4,4,4,4,16,4,3,4,11,0,0,39,4,4,4,4,16,4,4,4,12,4,4,4,3,15,4,4,4,4,16,59,98,2015,"Americas","CAN",20,"CAN",124,"na",1,1,1,"Canada","0.913","Very High","82.0","9","15.9","13.0","42,155","11",83,87.1,3.9,-2,NA,0.07,6.3,20.7,NA,"16,600",25.7,2.4,2,3.9,2.2,3,1.8,0.9,2,1.8,2.2,2.5,1,9,83,"Canada","AME","CAN",NA,79,NA,NA,79,81,79,89,88,83,NA,NA,83,9,7,4.31,1.63,79,89,80.3105,85.6895
"34","Cape Verde","F",1,1,4,4,4,12,4,4,4,3,15,4,3,3,10,0,0,37,3,4,4,4,15,4,4,3,11,4,3,4,3,14,4,3,3,3,13,53,90,2015,"Sub-Saharan Africa","CAP",402,"CPV",132,"ssa",NA,NA,1,"Cabo Verde","0.646","Medium","73.3","122","13.5","4.7","6,094","-1",121.8,40.3,2.2,-1.4,13.4,9.34,-6.9,3,"-34.5","503",73.5,7.1,4.1,4,8.6,7.5,6.2,5.7,6.5,4.5,5.7,5.5,8.1,40,55,"Cape Verde","SSA","CPV",70,49,NA,60,NA,NA,NA,NA,NA,42,NA,NA,55,40,4,12.31,6.16,42,70,44.836,65.164
"35","Central African Republic","NF",7,7,0,0,0,0,1,0,0,0,1,0,0,0,0,0,1,0,1,0,2,1,4,0,0,1,1,0,0,0,0,0,0,0,1,0,1,6,6,2015,"Sub-Saharan Africa","CEN",482,"CAF",140,"ssa",4,NA,4,"Central African Republic","0.350","Low","50.7","187","7.2","4.2","581","1",31.4,4,0.1,NA,12.3,NA,0.4,2.9,"6.2","71",111.9,8.4,10,9.6,6.9,9.7,8.3,9.5,9.9,10,9.8,10,9.8,145,24,"Central African Republic","SSA","CAF",23,NA,28,22,NA,NA,NA,NA,NA,22,NA,NA,24,145,4,2.87,1.44,22,28,21.624,26.376
"36","Chad","NF",7,6,1,1,1,3,1,0,0,0,1,1,0,0,1,0,0,5,1,1,3,2,7,1,1,2,4,0,1,1,0,2,1,1,0,1,3,16,21,2015,"Sub-Saharan Africa","CHA",483,"TCD",148,"ssa",3,NA,3,"Chad","0.392","Low","51.6","185","7.4","1.9","2,085","-22",39.8,2.5,4,NA,3.1,NA,-1.9,3.4,"-11.9","100",108.4,9.7,10,8.2,8.6,9.1,7.8,9.3,9.7,9.4,8.8,9.5,8.3,147,22,"Chad","SSA","TCD",23,16,19,30,NA,NA,NA,NA,NA,22,NA,NA,22,147,5,5.24,2.34,16,30,18.139,25.861
"37","Chile","F",1,1,4,4,4,12,4,4,4,3,15,4,4,4,12,0,0,39,4,4,4,4,16,3,4,4,11,4,4,3,3,14,4,4,4,3,15,56,95,2015,"Americas","CHL",155,"CHL",152,"lac",2,2,1,"Chile","0.832","Very High","81.7","42","15.2","9.8","21,290","11",133.3,72.4,7.3,-5.2,0,0,0.3,2.3,"-0.5","3,576",41.5,5.1,2.1,4.1,3.2,5.1,3.6,3,4.5,3.4,3.1,1.7,2.6,23,70,"Chile","AME","CHL",NA,66,75,NA,60,65,68,79,71,73,NA,NA,70,23,8,6.09,2.15,60,79,66.4525,73.5475
"38","China (PRC)","NF",7,6,0,0,0,0,0,0,0,1,1,0,1,1,2,0,1,2,1,0,1,2,4,1,1,1,3,1,1,0,0,2,1,1,2,2,6,15,17,2015,"Asia Pacific",NA,NA,NA,NA,NA,NA,NA,NA,"China","0.727","High","75.8","90","13.1","7.5","12,547","-7",92.3,49.3,3.8,-2.7,0,0.42,-0.2,0.1,"-1.8","55,700",76.4,7.4,5.6,8.3,4.6,7.4,3.4,8,6.2,9.2,5.9,7.2,3.2,83,37,"China","AP","CHN",NA,49,36,NA,39,NA,28,31,38,32,41,NA,37,83,8,6.63,2.34,28,49,33.139,40.861
"39","Colombia","PF",3,4,4,3,3,10,3,3,2,3,11,3,2,3,8,0,0,29,2,4,3,3,12,2,2,1,5,3,1,1,2,7,3,2,3,2,10,34,63,2015,"Americas","COL",100,"COL",170,"lac",4,4,3,"Colombia","0.720","High","74.0","97","13.5","7.3","12,040","-9",113.1,52.6,4.3,-4.1,0.2,1.09,-0.5,0.3,NA,"2,288",82.5,6.9,7.8,8,6.7,7.5,3.8,7.1,6,7.3,7.3,7.6,6.5,83,37,"Colombia","AME","COL",NA,36,45,NA,31,NA,33,41,38,32,NA,NA,37,83,7,5.13,1.94,31,45,33.799,40.201
"40","Comoros","PF",3,4,3,3,3,9,3,3,3,2,11,3,1,1,5,0,0,25,2,2,3,3,10,2,2,2,6,2,2,2,2,8,2,2,1,1,6,30,55,2015,"Sub-Saharan Africa","COM",581,"COM",174,"ssa",NA,NA,1,"Comoros","0.503","Low","63.3","159","11.5","4.6","1,456","16",50.9,7,2.3,-1.6,13.3,20.02,-2.8,1.7,"-70.5","19",83.3,7.6,4.5,5,7.8,7,8,6.8,8,6.1,7.2,7.5,7.8,136,26,"Comoros","SSA","COM",23,NA,NA,12,NA,NA,NA,NA,NA,42,NA,NA,26,136,3,15.18,8.76,12,42,11.546,40.454
"41","Congo (Brazzaville)","NF",6,5,0,1,0,1,1,0,1,1,3,1,1,1,3,0,0,7,1,3,2,2,8,1,2,3,6,0,1,1,0,2,2,2,2,1,7,23,30,2015,"Sub-Saharan Africa",NA,NA,NA,NA,NA,NA,NA,NA,"Congo","0.591","Medium","62.3","136","11.1","6.1","6,012","-14",NA,NA,14.5,-31.4,1.4,0.18,-2.1,9.7,"-20.9","297",109.7,9.5,9.4,9.5,7.1,8.8,7.9,9,9.7,10,9.5,9.5,9.8,146,23,"Congo Republic","SSA","COG",12,NA,19,42,NA,NA,NA,21,21,22,NA,NA,23,146,6,10.07,4.11,12,42,16.2185,29.7815
"42","Congo (Kinshasa)","NF",6,6,1,1,1,3,1,1,1,1,4,1,0,1,2,0,0,9,1,3,2,2,8,1,1,1,3,0,0,0,0,0,2,1,1,1,5,16,25,2015,"Sub-Saharan Africa",NA,NA,NA,NA,NA,NA,NA,NA,"Congo (Democratic Republic of the)","0.433","Low","58.7","176","9.8","6.0","680","11",53.5,3,5.2,-5.2,8.6,0.1,-0.2,0.7,"-0.1","191",90.8,7.8,8.3,6.6,6.8,8.2,6.4,8.7,9.1,7.9,6.7,6.7,7.6,147,22,"Democratic Republic of the Congo","SSA","COD",12,NA,19,37,NA,NA,NA,21,21,22,NA,NA,22,147,6,8.2,3.35,12,37,16.4725,27.5275
"43","Costa Rica","F",1,1,4,4,4,12,4,4,4,3,15,4,3,3,10,0,0,37,4,4,4,4,16,4,4,3,11,4,3,3,3,13,4,3,3,3,13,53,90,2015,"Americas","COS",94,"CRI",188,"lac",NA,NA,1,"Costa Rica","0.766","High","79.4","69","13.9","8.4","13,413","10",143.8,49.4,6.5,-9.7,0.1,1.2,2.7,8.6,"-0.1","2,428",46.7,4.1,3.9,4.7,3.5,5.5,4.3,2.9,4.5,2.1,3.1,3.8,4.3,40,55,"Costa Rica","AME","CRI",NA,48,66,NA,NA,NA,59,50,54,52,NA,NA,55,40,6,6.65,2.71,48,66,50.5285,59.4715
"44","Cote d'Ivoire","PF",5,4,2,2,2,6,2,2,1,2,7,2,1,1,4,0,0,17,2,2,3,3,10,2,3,2,7,1,1,2,2,6,2,2,1,1,6,29,46,2015,"Sub-Saharan Africa","CDI",437,"CIV",384,"ssa",3,3,3,"Côte d'Ivoire","0.462","Low","51.5","172","8.9","4.3","3,171","-24",106.3,14.6,1.2,-3.1,4.2,1.5,0.5,12,"0.2","289",100,8.1,9,8.7,6.7,7.9,7.1,8.5,9,7.9,8.3,9.1,9.7,107,32,"Côte d´Ivoire","SSA","CIV",35,46,28,32,NA,NA,26,31,38,22,NA,NA,32,107,8,7.5,2.65,22,46,27.6275,36.3725
"45","Crimea","NF",7,6,0,0,0,0,0,0,0,0,0,0,0,0,0,0,1,-1,0,1,1,1,3,0,0,1,1,0,0,0,0,0,1,1,3,2,7,11,10,2015,"Eurasia",NA,NA,NA,NA,NA,NA,NA,NA,NA,NA,NA,NA,NA,NA,NA,NA,NA,NA,NA,NA,NA,NA,NA,NA,NA,NA,NA,NA,NA,NA,NA,NA,NA,NA,NA,NA,NA,NA,NA,NA,NA,NA,NA,NA,NA,NA,NA,NA,NA,NA,NA,NA,NA,NA,NA,NA,NA,NA,NA,NA,NA,NA,NA,NA,NA,NA
"46","Croatia","F",1,2,4,4,4,12,4,4,4,3,15,4,2,3,9,0,0,36,3,3,4,4,14,4,4,4,12,3,3,3,2,11,4,3,3,3,13,50,86,2015,"Europe","CRO",344,"HRV",191,"eca",1,NA,1,"Croatia","0.818","Very High","77.3","47","14.8","11.0","19,409","11",104.4,68.6,1,-5.7,0.3,2.59,-0.9,17.6,"-5.2","11,000",51,3.6,4.9,5.7,4.5,3.8,5.3,3.4,2.9,4.1,4,4.4,4.4,50,51,"Croatia","WE/EU","HRV",NA,46,62,NA,41,57,50,50,54,52,NA,50,51,50,9,6.06,2.02,41,62,47.667,54.333
"47","Cuba","NF",7,6,0,0,0,0,0,0,0,0,0,0,1,0,1,0,0,1,1,2,0,1,4,0,0,0,0,0,1,1,1,3,1,1,3,1,6,13,14,2015,"Americas","CUB",40,"CUB",192,"lac",3,3,3,"Cuba","0.769","High","79.4","67","13.8","11.5","7,301","47",22.5,30,NA,NA,0.1,NA,-2.5,0.1,"4.1","2,829",67.4,5.6,4.5,4.5,5.7,5.9,4.5,7,4.7,7.3,5.7,7,5,56,47,"Cuba","AME","CUB",NA,NA,40,NA,NA,NA,NA,41,54,52,NA,NA,47,56,4,7.27,3.64,40,54,40.994,53.006
"48","Cyprus","F",1,1,4,4,3,11,4,4,4,4,16,3,3,4,10,0,0,37,4,4,3,4,15,4,4,4,12,4,4,4,3,15,3,4,4,3,14,56,93,2015,"Europe","CYP",352,"CYP",196,"eca",2,NA,2,"Cyprus","0.850","Very High","80.2","32","14.0","11.6","28,633","3",96.3,69.3,2.8,-71.9,NA,0.38,6.2,18.2,"-61.0","2,405",66.2,4,4.5,7,4.5,6.4,6.7,5.3,3,3.3,4.4,7.9,9.2,32,61,"Cyprus","WE/EU","CYP",NA,55,NA,NA,NA,49,NA,69,71,63,NA,NA,61,32,5,9.32,4.17,49,71,54.1195,67.8805
"49","Czech Republic","F",1,1,4,4,4,12,4,4,4,3,15,4,3,4,11,0,0,38,4,4,4,4,16,4,4,4,12,3,4,4,3,14,4,4,4,3,15,57,95,2015,"Europe","CZR",316,"CZE",203,"eca",1,NA,1,"Czech Republic","0.870","Very High","78.6","28","16.4","12.3","26,660","10",130,79.7,2.4,-3.1,NA,1.09,3.8,4,"6.5","9,004",NA,NA,NA,NA,NA,NA,NA,NA,NA,NA,NA,NA,NA,37,56,"Czech Republic","WE/EU","CZE",NA,53,66,NA,44,57,59,50,54,63,NA,55,56,37,9,6.63,2.21,44,66,52.3535,59.6465
"50","Denmark","F",1,1,4,4,4,12,4,4,4,4,16,4,4,4,12,0,0,40,4,4,4,4,16,4,4,4,12,4,4,4,3,15,4,4,3,4,15,58,98,2015,"Europe","DEN",390,"DNK",208,"eca",1,NA,1,"Denmark","0.923","Very High","80.2","4","18.7","12.7","44,025","11",126,96,0.5,-0.1,NA,0.43,2.7,9.9,"8.3","8,557",21.5,2.5,1.4,3.6,1.9,2.1,2.5,0.5,1.4,1.3,1.5,1.4,1.4,1,91,"Denmark","WE/EU","DNK",NA,89,NA,NA,96,97,88,98,88,83,NA,NA,91,1,7,5.71,2.16,83,98,87.436,94.564
"51","Djibouti","NF",6,5,1,1,1,3,1,0,1,1,3,1,1,1,3,0,0,9,1,1,2,2,6,0,1,2,3,0,2,1,1,4,2,2,1,1,6,19,28,2015,"Sub-Saharan Africa","DJI",522,"DJI",262,"mena",NA,NA,3,"Djibouti","0.470","Low","62.0","168","6.4","3.8","3,276","-22",32.4,10.7,19.6,NA,9.6,2.45,-3.7,14.2,"-39.3","63",88.1,8.2,7.1,6.6,5.8,7.8,7.4,7.6,7.8,7.2,6.9,7.3,8.4,99,34,"Djibouti","SSA","DJI",23,NA,NA,27,NA,NA,NA,NA,NA,52,NA,NA,34,99,3,15.72,9.08,23,52,19.018,48.982
"52","Dominica","F",1,1,4,4,4,12,4,4,4,4,16,4,3,3,10,0,0,38,3,4,4,4,15,4,4,4,12,4,4,4,3,15,4,4,3,4,15,57,95,2015,"Americas","DMA",54,"DMA",212,"lac",NA,NA,1,"Dominica","0.724","High","77.8","94","12.7","7.9","9,994","4",127.5,62.9,3.5,-0.3,4,4.56,NA,8.9,NA,"78",NA,NA,NA,NA,NA,NA,NA,NA,NA,NA,NA,NA,NA,NA,NA,NA,NA,NA,NA,NA,NA,NA,NA,NA,NA,NA,NA,NA,NA,NA,NA,NA,NA,NA,NA,NA,NA,NA,NA
"53","Dominican Republic","F",2,3,4,3,3,10,4,3,3,1,11,4,2,3,9,0,0,30,3,4,4,4,15,3,4,3,10,3,2,2,1,8,3,3,2,2,10,43,73,2015,"Americas","DOM",42,"DOM",214,"lac",3,2,3,"Dominican Republic","0.715","High","73.5","101","13.1","7.6","11,883","-12",78.9,49.6,2.6,-6.1,0.3,7.33,-2.7,3.9,"2.7","4,690",71.2,6.8,3.8,5.8,7.6,6.3,5.3,6,6.8,5.5,5.2,6.2,5.9,103,33,"Dominican Republic","AME","DOM",NA,29,32,NA,NA,NA,24,31,38,42,NA,NA,33,103,6,6.44,2.63,24,42,28.6605,37.3395
"54","East Timor","PF",3,3,4,4,3,11,3,3,3,3,12,2,2,2,6,0,0,29,2,3,4,3,12,3,3,2,8,1,1,3,2,7,3,2,2,2,9,36,65,2015,"Asia Pacific","ETM",860,"TMP",626,"eap",3,NA,2,"Timor-Leste","0.595","Medium","68.2","133","11.7","4.4","5,363","-6",58.7,1.1,1.6,178.6,6,9.44,-13.3,1,NA,"58",NA,NA,NA,NA,NA,NA,NA,NA,NA,NA,NA,NA,NA,123,28,"Timor-Leste","AP","TLS",23,38,NA,NA,NA,NA,NA,NA,NA,22,NA,NA,28,123,3,8.96,5.17,22,38,19.4695,36.5305
"55","Ecuador","PF",3,3,3,3,1,7,3,2,3,3,11,3,1,2,6,0,0,24,1,4,4,3,12,2,2,3,7,1,1,2,2,6,3,2,3,2,10,35,59,2015,"Americas","ECU",130,"ECU",218,"lac",2,2,3,"Ecuador","0.732","High","75.9","88","14.2","7.6","10,605","7",103.9,43,0.8,0.2,0.2,2.6,-0.4,2.3,"-1.3","1,364",75.9,5.7,5.2,7.8,6.2,6.8,5.3,7,6.3,5.1,6.7,8.2,5.6,107,32,"Ecuador","AME","ECU",NA,43,32,NA,NA,NA,30,31,21,32,NA,NA,32,107,6,7.01,2.86,21,43,27.281,36.719
"56","Egypt","NF",6,5,1,0,1,2,1,0,1,2,4,0,1,1,2,0,0,8,1,1,1,2,5,1,1,2,4,1,0,0,1,2,2,2,2,1,7,18,26,2015,"Middle East and North Africa","EGY",651,"EGY",818,"mena",4,4,4,"Egypt","0.690","Medium","71.1","108","13.5","6.6","10,512","-12",114.3,31.7,2,-0.2,2.1,7.32,-0.5,0.4,"1.0","9,174",90,7.1,6.7,8.7,4.7,6.5,8.1,8.7,5.4,9.8,8.2,9,7.1,88,36,"Egypt","MENA","EGY",NA,47,32,NA,NA,NA,35,31,38,32,NA,NA,36,88,6,6.05,2.47,31,47,31.9245,40.0755
"57","El Salvador","F",2,3,4,4,4,12,4,4,3,3,14,3,3,3,9,0,0,35,3,4,4,4,15,3,3,2,8,3,2,1,2,8,3,2,2,2,9,40,75,2015,"Americas","SAL",92,"SLV",222,"lac",1,NA,3,"El Salvador","0.666","Medium","73.0","116","12.3","6.5","7,349","-3",144,29.7,0.8,-0.7,0.7,16.37,-7.1,0.7,"-1.3","1,283",71.4,6.9,5.1,6.3,6.9,6.6,5.9,4.8,6.7,6.1,6.5,4.3,5.3,72,39,"El Salvador","AME","SLV",NA,37,45,NA,NA,NA,29,41,38,42,NA,NA,39,72,6,5.54,2.26,29,45,35.271,42.729
"58","Equatorial Guinea","NF",7,7,0,0,0,0,1,0,0,0,1,0,0,0,0,0,0,1,0,2,1,1,4,0,0,0,0,0,0,0,0,0,1,1,1,0,3,7,8,2015,"Sub-Saharan Africa","EQG",411,"GNQ",226,"ssa",3,NA,3,"Equatorial Guinea","0.587","Medium","57.6","138","9.0","5.5","21,056","-84",66.4,18.9,12.3,NA,0.1,NA,5.3,1.3,NA,"0",84.8,7.7,3.3,6.3,6,9,5.2,9.8,7.1,9.7,7,8.2,5.5,NA,NA,NA,NA,NA,NA,NA,NA,NA,NA,NA,NA,NA,NA,NA,NA,NA,NA,NA,NA,NA,NA,NA,NA,NA,NA
"59","Eritrea","NF",7,7,0,0,0,0,0,0,0,0,0,0,1,0,1,0,0,1,0,0,0,0,0,0,0,0,0,0,0,0,0,0,0,0,2,0,2,2,3,2015,"Sub-Saharan Africa","ERI",531,"ERI",232,"ssa",5,4,5,"Eritrea","0.391","Low","63.7","186","4.1","3.9","1,130","-6",6.4,1,1.3,NA,2.5,NA,1.8,0.2,NA,"107",96.9,8.8,7.8,6.1,7.6,7.2,8.3,9.1,8.7,9.3,7.7,8.1,8.2,154,18,"Eritrea","SSA","ERI",12,NA,10,7,NA,NA,NA,NA,NA,42,NA,NA,18,154,4,16.3,8.15,7,42,4.5525,31.4475
"60","Estonia","F",1,1,4,4,4,12,4,4,4,3,15,4,4,4,12,0,0,39,4,4,4,4,16,4,4,4,12,4,3,4,3,14,4,4,3,3,14,56,95,2015,"Europe","EST",366,"EST",233,"eca",1,NA,1,"Estonia","0.861","Very High","76.8","30","16.5","12.5","25,214","12",160.7,84.2,3.9,0.3,NA,1.72,0,16.3,"-3.5","2,868",43.8,3.3,2.9,6.5,3.5,3.7,3.6,3.2,3.4,2,3.1,5.5,3.1,23,70,"Estonia","WE/EU","EST",NA,79,75,NA,73,81,71,69,54,63,NA,66,70,23,9,8.36,2.79,54,81,65.3965,74.6035
"61","Ethiopia","NF",6,6,0,0,1,1,0,0,1,1,2,1,2,1,4,0,0,7,0,2,1,0,3,0,0,0,0,1,1,0,1,3,2,1,1,1,5,11,18,2015,"Sub-Saharan Africa","ETH",530,"ETH",231,"ssa",4,3,3,"Ethiopia","0.442","Low","64.1","174","8.5","2.4","1,428","2",31.6,2.9,2,NA,8.1,1.44,-0.1,0.8,NA,"681",97.5,9.2,9.4,8.5,7,7.1,6.9,7.4,8.6,8.5,8.4,8.6,7.9,103,33,"Ethiopia","SSA","ETH",35,42,23,42,NA,NA,32,31,38,22,NA,NA,33,103,8,7.72,2.73,22,42,28.4955,37.5045
"62","Fiji","PF",3,4,3,3,3,9,3,2,3,3,11,3,2,1,6,0,0,26,2,3,3,3,11,2,1,1,4,2,2,3,2,9,3,3,2,2,10,34,60,2015,"Asia Pacific","FIJ",950,"FJI",242,"eap",2,NA,1,"Fiji","0.727","High","70.0","90","15.7","9.9","7,493","21",98.8,41.8,4.1,-14.1,2.4,5.28,-6.6,2.6,"20.1","658",76.8,4.7,3.4,7,7.6,6.8,6.7,7.4,4.5,6.9,6.7,7.9,7.2,NA,NA,NA,NA,NA,NA,NA,NA,NA,NA,NA,NA,NA,NA,NA,NA,NA,NA,NA,NA,NA,NA,NA,NA,NA,NA
"63","Finland","F",1,1,4,4,4,12,4,4,4,4,16,4,4,4,12,0,0,40,4,4,4,4,16,4,4,4,12,4,4,4,4,16,4,4,4,4,16,60,100,2015,"Europe","FIN",375,"FIN",246,"eca",1,NA,1,"Finland","0.883","Very High","80.8","24","17.1","10.3","38,695","0",139.7,92.4,-2,0.7,NA,0.4,1.8,5.4,"4.4","4,226",17.8,1.5,1.5,1.6,2.3,1,3.8,0.5,1.2,0.9,1.4,1.1,1,2,90,"Finland","WE/EU","FIN",NA,93,NA,NA,91,89,88,98,88,83,NA,NA,90,2,7,4.69,1.77,83,98,87.0795,92.9205
"64","France","F",1,1,4,4,4,12,4,4,4,3,15,4,3,4,11,0,0,38,4,3,4,4,15,4,4,4,12,4,4,4,3,15,4,4,4,3,15,57,95,2015,"Europe","FRN",220,"FRA",250,"eca",2,NA,1,"France","0.888","Very High","82.2","22","16.0","11.1","38,056","4",100.4,83.8,0.2,-3.6,NA,0.83,2,11.6,"6.6","84,700",33.7,2.8,2.2,6.8,2.2,3.7,4.8,1.8,1.5,2.3,2.3,1.9,1.4,23,70,"France","WE/EU","FRA",NA,70,NA,NA,71,57,71,79,71,73,NA,NA,70,23,7,6.6,2.49,57,79,65.8915,74.1085
"65","Gabon","NF",6,5,0,1,1,2,1,1,1,1,4,1,1,1,3,0,0,9,1,3,3,3,10,1,1,2,4,1,2,2,1,6,2,1,1,1,5,25,34,2015,"Sub-Saharan Africa","GAB",481,"GAB",266,"ssa",NA,NA,2,"Gabon","0.684","Medium","64.4","110","12.5","7.8","16,367","-42",210.4,9.8,4.4,-2,0.5,0.13,0.6,23.6,"-38.3","269",71.3,7.1,5,3.7,5.5,6.9,4.8,7.4,6.8,6.9,5,7.1,5.1,99,34,"Gabon","SSA","GAB",NA,36,NA,NA,NA,NA,NA,31,38,32,NA,NA,34,99,4,3.3,1.65,31,38,31.2775,36.7225
"66","Gaza Strip","NF",7,6,0,0,2,2,1,0,0,1,2,0,1,0,1,0,0,5,1,1,1,2,5,1,1,1,3,0,0,0,0,0,0,1,1,0,2,10,15,2015,"Middle East and North Africa",NA,NA,NA,NA,NA,NA,NA,NA,NA,NA,NA,NA,NA,NA,NA,NA,NA,NA,NA,NA,NA,NA,NA,NA,NA,NA,NA,NA,NA,NA,NA,NA,NA,NA,NA,NA,NA,NA,NA,NA,NA,NA,NA,NA,NA,NA,NA,NA,NA,NA,NA,NA,NA,NA,NA,NA,NA,NA,NA,NA,NA,NA,NA,NA,NA,NA
"67","Georgia","PF",3,3,3,3,3,9,3,3,2,2,10,3,2,2,7,0,0,26,2,2,4,4,12,3,3,2,8,2,2,2,2,8,3,2,3,2,10,38,64,2015,"Eurasia","GRG",372,"GEO",268,"eca",2,2,2,"Georgia","0.754","High","74.9","76","13.8","12.1","7,164","40",124.9,48.9,5.9,-4.9,4.1,12.05,-5.8,4.4,"-5.8","5,392",79.3,3.9,7.4,7.8,5.4,5.9,5.8,8.8,4.8,5.8,7.3,9.1,7.3,48,52,"Georgia","ECA","GEO",NA,69,53,NA,NA,NA,62,NA,NA,32,NA,44,52,48,5,14.61,6.53,32,69,41.2255,62.7745
"68","Germany","F",1,1,4,4,4,12,4,4,4,3,15,4,4,4,12,0,0,39,4,3,4,4,15,4,4,4,12,4,4,4,3,15,4,4,4,3,15,57,96,2015,"Europe","GMY",255,"DEU",276,"eca",1,NA,1,"Germany","0.916","Very High","80.9","6","16.5","13.1","43,919","11",120.4,86.2,1.4,6.7,NA,0.42,1.3,11.9,"2.8","31,500",28.1,2.5,3,4.6,2.1,3.3,2.9,1.2,1.6,1.5,2.1,2,1.3,10,81,"Germany","WE/EU","DEU",NA,72,NA,NA,83,81,80,89,88,73,NA,NA,81,10,7,6.62,2.5,72,89,76.875,85.125
"69","Ghana","F",1,2,4,4,4,12,4,4,4,3,15,4,3,3,10,0,0,37,3,3,4,4,14,4,4,3,11,3,3,3,3,12,3,3,2,2,10,47,84,2015,"Sub-Saharan Africa","GHA",452,"GHA",288,"ssa",2,NA,3,"Ghana","0.579","Medium","61.4","140","11.5","7.0","3,852","-1",114.8,18.9,6.7,-8.1,2.8,0.25,-0.8,1.4,"0.5","931",71.9,7.1,5.5,4.6,7.6,7.1,6.3,5,7.9,5.2,4.1,4.9,6.6,56,47,"Ghana","SSA","GHA",47,33,45,55,NA,NA,37,50,54,52,NA,NA,47,56,8,7.98,2.82,33,55,42.347,51.653
"70","Greece","F",2,2,4,4,4,12,4,4,4,3,15,3,2,3,8,0,0,35,3,3,4,4,14,3,4,4,11,3,3,2,2,10,4,3,3,3,13,48,83,2015,"Europe","GRC",350,"GRC",300,"eca",3,NA,2,"Greece","0.865","Very High","80.9","29","17.6","10.3","24,524","14",115,63.2,1.2,1.7,NA,0.33,0.9,8.9,"-0.8","17,900",52.6,3.6,1.6,5,3.8,4.2,6.5,6.5,3.9,3.4,4.5,3.7,5.9,58,46,"Greece","WE/EU","GRC",NA,45,NA,NA,43,57,50,41,21,63,NA,NA,46,58,7,13.45,5.08,21,63,37.618,54.382
"71","Grenada","F",1,2,4,4,4,12,4,4,4,4,16,4,3,3,10,0,0,38,3,4,4,4,15,4,4,3,11,3,3,3,3,12,4,3,3,3,13,51,89,2015,"Americas","GRN",55,"GRD",308,"lac",NA,NA,1,"Grenada","0.750","High","73.4","79","15.8","8.6","10,939","14",126.5,37.4,8.9,-10.6,1.2,3.55,-8.1,10.7,"54.1","116",63.4,5.2,3.2,3.8,8.4,5.3,5.9,5.9,3.7,3.7,5.6,5.6,7.1,NA,NA,NA,NA,NA,NA,NA,NA,NA,NA,NA,NA,NA,NA,NA,NA,NA,NA,NA,NA,NA,NA,NA,NA,NA,NA
"72","Guatemala","PF",3,4,3,3,3,9,3,3,2,2,10,2,2,1,5,0,0,24,2,4,3,3,12,2,2,2,6,1,2,1,1,5,3,2,2,1,8,31,55,2015,"Americas","GUA",90,"GTM",320,"lac",2,2,3,"Guatemala","0.627","Medium","71.8","128","10.7","5.6","6,929","-11",106.6,23.4,2.5,-3.2,0.9,9.98,-1,0.5,NA,"1,331",80.4,7.3,5.5,7.9,6.7,8,6,6.6,7.4,6.6,7,6,5.4,123,28,"Guatemala","AME","GTM",NA,38,32,NA,NA,NA,15,31,21,32,NA,NA,28,123,6,8.47,3.46,15,38,22.291,33.709
"73","Guinea","PF",5,5,3,1,2,6,2,2,2,2,8,1,1,1,3,0,0,17,1,3,2,3,9,1,3,2,6,1,1,1,1,4,1,2,1,1,5,24,41,2015,"Sub-Saharan Africa","GUI",438,"GIN",324,"ssa",3,2,3,"Guinea","0.411","Low","58.8","182","8.7","2.4","1,096","0",72.1,1.7,2.2,-10.6,8.8,1.51,-0.2,3.2,"-5.1","56",104.9,9,8.7,8.7,7.2,7.6,9.2,9.9,9.8,8.2,8.9,9.6,8.1,139,25,"Guinea","SSA","GIN",23,15,36,32,NA,NA,NA,21,NA,22,NA,NA,25,139,6,7.73,3.16,15,36,19.786,30.214
"74","Guinea-Bissau","PF",5,5,3,3,2,8,3,2,1,2,8,1,0,0,1,0,0,17,1,3,3,3,10,1,2,2,5,1,0,0,2,3,2,1,1,1,5,23,40,2015,"Sub-Saharan Africa","GNB",404,"GNB",624,"ssa",2,NA,3,"Guinea-Bissau","0.420","Low","55.2","178","9.0","2.8","1,362","-1",63.5,3.3,1.5,-1.1,10.8,4.76,-1.2,1.1,NA,"30",99.9,8.2,7.8,5.7,8.5,8.4,8.7,9,9.2,7.2,8.8,9.6,8.8,158,17,"Guinea-Bissau","SSA","GNB",12,NA,NA,20,NA,NA,NA,12,NA,22,NA,NA,17,158,4,5.26,2.63,12,22,12.6605,21.3395
"75","Guyana","F",2,3,4,4,3,11,4,4,3,2,13,3,1,2,6,0,0,30,3,4,4,4,15,3,4,3,10,2,2,1,2,7,3,2,2,2,9,41,71,2015,"Americas","GUY",110,"GUY",328,"lac",2,NA,2,"Guyana","0.636","Medium","66.4","124","10.3","8.5","6,522","-4",70.5,37.4,6.7,-7,3.4,10.98,-8.2,1.8,"-16.9","177",70.5,5.6,3.6,6.5,9.1,6.2,6.2,5.9,6.1,3.9,5.8,5.1,6.5,119,29,"Guyana","AME","GUY",35,29,NA,NA,NA,NA,NA,21,NA,32,NA,NA,29,119,4,6.02,3.01,21,35,24.0335,33.9665
"76","Haiti","PF",5,5,2,1,1,4,2,1,2,3,8,2,1,2,5,0,0,17,2,3,2,3,10,2,1,1,4,1,1,1,1,4,2,2,2,0,6,24,41,2015,"Americas","HAI",41,"HTI",332,"lac",1,2,3,"Haiti","0.483","Low","62.8","163","8.7","4.9","1,669","4",64.7,11.4,2.2,NA,13.7,21.05,-3.4,0.4,NA,"295",104.5,9.5,8.2,6.7,9.3,9.3,9.1,9.4,9.1,7.4,7.5,9.1,9.9,158,17,"Haiti","AME","HTI",23,24,15,NA,NA,NA,NA,12,NA,11,NA,NA,17,158,5,6.12,2.74,11,24,12.479,21.521
"77","Honduras","PF",4,4,2,3,2,7,3,3,1,2,9,1,2,1,4,0,0,20,1,4,2,3,10,2,2,2,6,1,1,1,2,5,2,2,2,2,8,29,49,2015,"Americas","HON",91,"HND",340,"lac",2,3,3,"Honduras","0.606","Medium","73.1","131","11.1","5.5","3,938","7",93.5,19.1,5.8,-11,3.6,16.91,-1.2,0.3,"-0.9","863",78.2,6.8,3.7,6.4,6.9,7.7,6.3,6.7,6.7,6.3,6.7,6.6,7.4,112,31,"Honduras","AME","HND",35,45,36,NA,NA,NA,17,41,21,22,NA,NA,31,112,7,10.91,4.12,17,45,24.202,37.798
"78","Hong Kong","PF",5,2,0,2,1,3,2,1,1,3,7,1,3,2,6,0,0,16,2,4,3,4,13,2,4,2,8,3,4,4,4,15,3,3,4,3,13,49,65,2015,"Asia Pacific",NA,NA,NA,NA,NA,NA,NA,NA,"Hong Kong, China (SAR)","0.910","Very High","84.0","12","15.6","11.2","53,959","-2",239.3,74.6,28,21.1,NA,0.13,4.2,38.9,"-1.7","25,700",NA,NA,NA,NA,NA,NA,NA,NA,NA,NA,NA,NA,NA,NA,NA,NA,NA,NA,NA,NA,NA,NA,NA,NA,NA,NA,NA,NA,NA,NA,NA,NA,NA,NA,NA,NA,NA,NA,NA
"79","Hungary","F",2,2,3,3,3,9,4,4,4,3,15,3,3,2,8,0,0,32,3,4,3,4,14,4,3,4,11,2,3,3,3,11,4,4,3,3,14,50,82,2015,"Europe","HUN",310,"HUN",348,"eca",1,NA,2,"Hungary","0.828","Very High","75.2","44","15.4","11.6","22,916","3",118.1,76.1,-3.2,-2.4,NA,3.24,1.5,4.7,"3.4","10,700",49.1,2.3,2.5,4.7,3.3,4.3,5.9,6.6,3.3,4.5,2.4,5.3,4,50,51,"Hungary","WE/EU","HUN",NA,47,53,NA,34,41,44,50,71,63,NA,52,51,50,9,11.19,3.73,34,71,44.8455,57.1545
"80","Iceland","F",1,1,4,4,4,12,4,4,4,4,16,4,4,3,11,0,0,39,4,4,4,4,16,4,4,4,12,4,4,4,4,16,4,4,4,4,16,60,99,2015,"Europe","ICE",395,"ISL",352,"eca",NA,NA,1,"Iceland","0.899","Very High","82.6","16","19.0","10.6","35,182","12",111.1,98.2,3.1,8.5,NA,1.15,3.3,10.4,"-8.2","800",23.4,1.6,1.4,1.3,2.8,1.6,3.6,0.9,1.7,1.1,1,1.8,4.6,13,79,"Iceland","WE/EU","ISL",NA,87,NA,NA,83,65,NA,89,NA,73,NA,NA,79,13,5,10.14,4.53,65,89,71.5255,86.4745
"81","India","F",2,3,4,4,4,12,4,4,3,3,14,4,2,3,9,0,0,35,3,3,3,4,13,4,4,3,11,3,2,2,2,9,3,3,2,2,10,43,78,2015,"Asia Pacific","IND",750,"IND",356,"sa",4,3,4,"India","0.609","Medium","68.0","130","11.7","5.4","5,497","-4",74.5,18,1.5,-1.8,0.1,3.73,-0.4,0.4,"-0.6","6,968",79.4,8,5.4,8.3,5.5,7.5,5.6,5.2,7.5,5.9,7.9,7.3,5.3,76,38,"India","AP","IND",NA,54,45,NA,35,NA,25,41,38,32,33,NA,38,76,8,8.89,3.14,25,54,32.819,43.181
"82","Indian Kashmir","PF",4,4,3,3,3,9,2,3,2,2,9,2,1,1,4,0,0,22,2,2,2,3,9,2,2,2,6,1,2,2,1,6,2,2,2,2,8,29,51,2015,"Asia Pacific",NA,NA,NA,NA,NA,NA,NA,NA,NA,NA,NA,NA,NA,NA,NA,NA,NA,NA,NA,NA,NA,NA,NA,NA,NA,NA,NA,NA,NA,NA,NA,NA,NA,NA,NA,NA,NA,NA,NA,NA,NA,NA,NA,NA,NA,NA,NA,NA,NA,NA,NA,NA,NA,NA,NA,NA,NA,NA,NA,NA,NA,NA,NA,NA,NA,NA
"83","Indonesia","PF",2,4,3,4,3,10,4,4,3,3,14,3,1,2,6,0,0,30,3,1,4,4,12,2,3,3,8,2,1,1,1,5,3,2,2,2,9,34,64,2015,"Asia Pacific","INS",850,"IDN",360,"eap",3,2,4,"Indonesia","0.684","Medium","68.9","110","13.0","7.6","9,788","-9",126.2,17.1,2.7,-2.7,0,0.88,-0.6,0.1,"-0.5","8,802",75,7.1,5.9,7.3,6.3,6.3,5.2,5.6,6,6.8,6.2,7,5.3,88,36,"Indonesia","AP","IDN",NA,43,36,NA,37,NA,17,50,38,32,32,NA,36,88,8,9.58,3.39,17,50,30.4065,41.5935
"84","Iran","NF",6,6,1,1,1,3,0,1,0,1,2,1,0,1,2,0,0,7,0,0,1,1,2,0,0,1,1,1,1,0,1,3,1,1,1,1,4,10,17,2015,"Middle East and North Africa","IRN",630,"IRN",364,"mena",3,4,4,"Iran (Islamic Republic of)","0.766","High","75.4","69","15.1","8.2","15,440","4",87.8,39.4,0.8,NA,0,0.25,-0.8,3.4,"-1.0","4,769",87.2,5.4,6.5,8.5,6.2,6.1,6.9,8.9,5,9.3,8,9.4,7,130,27,"Iran","MENA","IRN",NA,41,23,NA,NA,NA,31,21,21,22,NA,NA,27,130,6,8.04,3.28,21,41,21.588,32.412
"85","Iraq","NF",6,6,2,3,3,8,2,2,0,1,5,1,0,0,1,0,3,11,1,1,1,2,5,1,2,1,4,0,0,0,0,0,1,1,1,1,4,13,24,2015,"Middle East and North Africa","IRQ",645,"IRQ",368,"mena",5,5,5,"Iraq","0.654","Medium","69.4","121","10.1","6.4","14,003","-44",94.9,11.3,1.2,1.3,0.7,0.13,2.7,0.3,"-0.2","892",104.5,8.2,8.9,10,8.1,7.8,6.9,9.2,7.5,8.9,10,9.6,9.4,161,16,"Iraq","MENA","IRQ",NA,NA,19,NA,NA,NA,NA,12,21,11,NA,NA,16,161,4,4.99,2.5,11,21,11.875,20.125
"86","Ireland","F",1,1,4,4,4,12,4,4,4,4,16,4,3,4,11,0,0,39,4,4,4,4,16,4,4,4,12,4,4,4,3,15,4,4,3,4,15,58,97,2015,"Europe","IRE",205,"IRL",372,"eca",1,NA,1,"Ireland","0.916","Very High","80.9","6","18.6","12.2","39,568","16",104.3,79.7,21.5,19.3,NA,0.31,2.2,15.9,"-3.9","8,260",24.7,2.2,1.4,1.9,2.8,2.7,4.1,1.5,1.9,1.2,1.8,1.3,1.9,18,75,"Ireland","WE/EU","IRL",NA,89,NA,NA,83,73,NA,79,54,73,NA,NA,75,18,6,12.04,4.92,54,89,66.882,83.118
"87","Israel","F",1,2,4,4,4,12,3,4,4,3,14,4,3,3,10,0,0,36,3,3,3,3,12,3,3,4,10,4,3,2,2,11,3,3,3,2,11,44,80,2015,"Middle East and North Africa","ISR",666,"ISR",376,"mena",4,3,4,"Israel","0.894","Very High","82.4","18","16.0","12.5","30,676","16",121.5,71.5,4.1,0.2,NA,0.26,-2,26.5,"-2.6","2,962",NA,NA,NA,NA,NA,NA,NA,NA,NA,NA,NA,NA,NA,32,61,"Israel","MENA","ISR",NA,64,NA,NA,56,65,NA,60,71,52,NA,NA,61,32,6,6.8,2.78,52,71,56.413,65.587
"88","Italy","F",1,1,4,4,4,12,4,4,3,3,14,4,3,3,10,0,0,36,3,4,4,4,15,4,4,4,12,3,3,3,3,12,4,3,4,3,14,53,89,2015,"Europe","ITA",325,"ITA",380,"eca",2,NA,1,"Italy","0.873","Very High","83.1","27","16.0","10.1","33,030","4",154.3,62,0.6,-0.2,NA,0.35,3,9.4,"1.6","47,700",43.2,3.1,3.7,4.9,2,3.4,5.6,4.2,2.3,2.5,4.4,4.9,2.2,61,44,"Italy","WE/EU","ITA",NA,47,NA,NA,35,49,54,41,38,42,NA,NA,44,61,7,6.63,2.51,35,54,39.8585,48.1415
"89","Jamaica","F",2,3,4,4,4,12,4,4,2,3,13,4,3,2,9,0,0,34,4,4,4,3,15,3,3,3,9,2,2,1,1,6,3,2,2,3,10,40,74,2015,"Americas","JAM",51,"JAM",388,"lac",3,NA,3,"Jamaica","0.719","High","75.7","99","12.4","9.7","7,415","13",102.9,40.5,4.6,-5.5,0.5,15.05,-5.8,1.3,NA,"2,008",64.6,5.2,3,3.9,7.8,5.9,7.1,5.3,5.8,4.9,6.3,3.7,5.7,69,41,"Jamaica","AME","JAM",NA,42,36,NA,NA,NA,48,41,38,42,NA,NA,41,69,6,4.12,1.68,36,48,38.228,43.772
"90","Japan","F",1,1,4,4,4,12,4,4,4,3,15,4,4,4,12,0,0,39,3,4,4,4,15,4,4,3,11,4,4,4,3,15,4,4,3,3,14,55,94,2015,"Asia Pacific","JPN",740,"JPN",392,"eap",1,NA,1,"Japan","0.891","Very High","83.5","20","15.3","11.5","36,927","7",120.2,90.6,0.1,-2.7,NA,0.05,0.6,1.9,"3.0","10,400",36,4.8,3.1,4.2,2.6,1.9,4.6,1.7,2.1,3.4,1.4,2.6,3.6,18,75,"Japan","AP","JPN",NA,84,NA,NA,76,57,76,79,71,73,82,NA,75,18,8,8.38,2.96,57,84,70.116,79.884
"91","Jordan","NF",6,5,0,1,1,2,2,1,1,2,6,0,2,1,3,0,0,11,1,2,2,2,7,1,2,1,4,2,1,1,2,6,2,2,2,2,8,25,36,2015,"Middle East and North Africa","JOR",663,"JOR",400,"mena",3,3,3,"Jordan","0.748","High","74.0","80","13.5","9.9","11,365","11",147.8,44,5.3,-10,4.2,10.82,11.3,40.2,"3.7","3,945",76.9,7,8.8,7.7,3.6,5.9,6.3,6.1,4.7,7.6,5.5,6.9,6.8,45,53,"Jordan","MENA","JOR",NA,60,40,NA,65,NA,51,50,54,52,NA,NA,53,45,7,7.93,3,40,65,48.05,57.95
"92","Kazakhstan","NF",6,5,1,0,1,2,1,0,1,1,3,0,1,0,1,0,0,6,0,1,2,1,4,1,1,0,2,1,1,1,1,4,2,2,2,2,8,18,24,2015,"Eurasia","KZK",705,"KAZ",398,"eca",2,3,3,"Kazakhstan","0.788","High","69.4","56","15.0","11.4","20,867","-1",168.6,54.9,4.2,-0.8,0,0.09,0,21.1,"-5.1","4,926",68.3,5,3.5,7,3.6,4.7,6.5,8,4.5,7.5,5.7,7.6,4.7,123,28,"Kazakhstan","ECA","KAZ",NA,51,19,NA,46,NA,28,21,21,11,NA,23,28,123,8,13.86,4.9,11,51,19.915,36.085
"93","Kenya","PF",4,4,2,3,2,7,3,3,2,2,10,2,1,2,5,0,0,22,2,2,4,3,11,3,1,2,6,2,1,1,1,5,2,1,2,2,7,29,51,2015,"Sub-Saharan Africa","KEN",501,"KEN",404,"ssa",3,3,4,"Kenya","0.548","Low","61.6","145","11.0","6.3","2,762","9",73.8,43.4,0.9,-0.5,5.9,2.41,-0.2,2.2,NA,"1,434",97.4,9,8.3,9,7.5,8.3,7.5,8.1,7.9,6.5,8.4,8.9,8,139,25,"Kenya","SSA","KEN",35,30,28,35,NA,NA,18,21,21,11,NA,NA,25,139,8,8.54,3.02,11,35,20.017,29.983
"94","Kiribati","F",1,1,4,4,4,12,4,4,4,4,16,4,2,2,8,0,0,36,3,4,4,4,15,4,4,4,12,4,4,4,3,15,4,3,3,3,13,55,91,2015,"Asia Pacific","KIR",946,"KIR",296,"eap",NA,NA,1,"Kiribati","0.590","Medium","66.0","137","12.3","7.8","2,434","21",17.4,12.3,5.3,4,25.5,7.3,-2,2.6,NA,"6",NA,NA,NA,NA,NA,NA,NA,NA,NA,NA,NA,NA,NA,NA,NA,NA,NA,NA,NA,NA,NA,NA,NA,NA,NA,NA,NA,NA,NA,NA,NA,NA,NA,NA,NA,NA,NA,NA,NA
"95","Kosovo","PF",4,4,3,3,3,9,3,3,2,2,10,1,1,2,4,0,0,23,2,2,2,3,9,2,2,2,6,1,1,2,2,6,2,1,3,2,8,29,52,2015,"Europe","KOS",347,"KSV",NA,"eca",NA,1,1,NA,NA,NA,NA,NA,NA,NA,NA,NA,NA,NA,NA,NA,NA,NA,NA,NA,NA,NA,NA,NA,NA,NA,NA,NA,NA,NA,NA,NA,NA,NA,NA,103,33,"Kosovo","ECA","LWI",35,NA,36,NA,NA,NA,NA,NA,NA,NA,NA,29,33,103,3,3.79,2.19,29,36,29.3865,36.6135
"96","Kuwait","PF",5,5,0,1,1,2,2,2,2,1,7,2,1,2,5,0,0,14,1,2,2,1,6,1,2,1,4,1,2,2,2,7,2,1,2,1,6,23,37,2015,"Middle East and North Africa","KUW",690,"KWT",414,"mena",3,2,3,"Kuwait","0.816","Very High","74.4","48","14.7","7.2","83,961","-46",218.4,78.7,1,20.5,NA,0,18.3,60.2,NA,"300",57.5,5.1,4,4.7,3.1,4.7,3,7.3,2.5,7.3,3.9,7.5,4.4,55,49,"Kuwait","MENA","KWT",NA,52,40,NA,NA,NA,NA,50,38,63,NA,NA,49,55,5,10.09,4.51,38,63,41.5585,56.4415
"97","Kyrgyzstan","PF",5,5,2,2,2,6,2,2,1,1,6,1,1,2,4,0,2,14,2,1,3,3,9,1,1,2,4,1,1,1,1,4,2,2,2,1,7,24,38,2015,"Eurasia","KYR",703,"KGZ",417,"eca",3,3,3,"Kyrgyzstan","0.655","Medium","70.6","120","12.5","10.6","3,044","29",134.5,28.3,10.5,-10.6,7.7,31.52,-6.3,4.1,"1.9","3,076",NA,NA,NA,NA,NA,NA,NA,NA,NA,NA,NA,NA,NA,123,28,"Kyrgyzstan","ECA","KGZ",35,25,32,NA,NA,NA,20,NA,NA,32,NA,26,28,123,6,5.61,2.29,20,35,24.2215,31.7785
"98","Laos","NF",7,6,0,0,0,0,0,0,0,0,0,0,0,1,1,0,0,1,0,2,1,1,4,0,0,0,0,0,0,1,1,2,1,1,2,1,5,11,12,2015,"Asia Pacific","LAO",812,"LAO",418,"eap",2,NA,2,"Lao People's Democratic Republic","0.575","Medium","66.2","141","10.6","5.0","4,680","-6",67,14.3,3.8,-3.9,4,0.53,-2.2,0.3,"-3.4","2,510",84.5,7.1,5.6,6.3,7.4,6.9,5.5,9,7.7,8.1,6,8.3,6.6,139,25,"Laos","AP","LAO",23,40,15,NA,NA,NA,NA,NA,NA,22,NA,NA,25,139,4,10.61,5.31,15,40,16.2385,33.7615
"99","Latvia","F",2,2,4,4,4,12,4,4,3,3,14,3,3,2,8,0,0,34,3,4,4,4,15,4,4,4,12,3,3,3,3,12,4,3,3,2,12,51,85,2015,"Europe","LAT",367,"LVA",428,"eca",1,NA,2,"Latvia","0.819","Very High","74.2","46","15.2","11.5","22,281","4",124.2,75.8,2.8,-0.6,NA,2.46,-1,13.8,"-2.9","1,536",48.6,3.4,2.9,7.4,4.4,4.6,4,3.9,3.4,3,3.5,4.3,3.8,40,55,"Latvia","WE/EU","LVA",NA,56,58,NA,48,65,NA,50,54,52,NA,60,55,40,8,5.58,1.97,48,65,51.7495,58.2505
"100","Lebanon","PF",5,4,0,0,2,2,3,3,1,2,9,1,1,1,3,0,0,14,2,3,3,3,11,2,3,2,7,1,2,1,1,5,2,2,2,1,7,30,44,2015,"Middle East and North Africa","LEB",660,"LBN",422,"mena",2,3,3,"Lebanon","0.769","High","79.3","67","13.8","7.9","16,509","-1",88.4,74.7,6.8,-6.5,1.4,17.73,21.3,17.6,"6.9","1,274",88.1,5.7,9.1,8.6,5.4,5.7,5.9,7.8,5.4,7.2,8.8,9.3,9.2,123,28,"Lebanon","MENA","LBN",NA,35,19,NA,NA,NA,24,21,38,32,NA,NA,28,123,6,7.88,3.22,19,38,22.687,33.313
"101","Lesotho","F",2,3,3,4,3,10,4,3,2,3,12,3,2,3,8,0,0,30,2,4,4,4,14,2,3,2,7,3,3,3,2,11,3,2,2,2,9,41,71,2015,"Sub-Saharan Africa","LES",570,"LSO",426,"ssa",3,NA,3,"Lesotho","0.497","Low","49.8","161","11.1","5.9","3,306","-16",101.9,11,1.9,-1.1,11.2,19.81,-1.9,0.1,"-11.7","433",79.9,7.7,4.9,4.4,7.4,7.3,8.3,6.4,8,4.8,5.6,7.3,7.8,61,44,"Lesotho","SSA","LSO",35,38,40,42,NA,NA,NA,NA,NA,63,NA,NA,44,61,5,11.15,4.99,35,63,35.7665,52.2335
"102","Liberia","PF",3,4,3,3,3,9,3,3,2,3,11,2,2,2,6,0,0,26,2,2,3,3,10,2,3,2,7,1,1,2,2,6,1,2,2,2,7,30,56,2015,"Sub-Saharan Africa","LBR",450,"LBR",430,"ssa",NA,NA,3,"Liberia","0.430","Low","60.9","177","9.5","4.1","805","7",73.4,5.4,35.9,NA,30.5,19.65,-0.9,5.3,NA,"0",97.3,9.5,9.2,6.2,6.6,8.3,8.6,7.3,9.7,6.7,6.9,8.3,10,83,37,"Liberia","SSA","LBR",35,44,45,45,NA,NA,14,41,NA,32,NA,NA,37,83,7,11.18,4.23,14,45,30.0205,43.9795
"103","Libya","NF",6,6,1,2,2,5,2,0,0,1,3,0,0,0,0,0,0,8,1,1,2,2,6,1,2,0,3,1,0,0,0,1,0,2,2,1,5,15,23,2015,"Middle East and North Africa","LIB",620,"LBY",434,"mena",5,3,5,"Libya","0.724","High","71.6","94","14.0","7.3","14,911","-19",161.1,17.8,0.9,3.5,0.1,0.03,-7.7,12.2,NA,"34",95.3,5.4,7.4,7.8,6.4,6.1,8,9.8,7.5,9,9.3,9.1,9.5,161,16,"Libya","MENA","LBY",NA,26,10,NA,NA,NA,NA,12,21,11,NA,NA,16,161,5,7.11,3.18,10,26,10.753,21.247
"104","Liechtenstein","F",1,1,4,4,4,12,4,4,4,3,15,4,4,4,12,0,0,39,4,4,4,4,16,4,4,4,12,4,4,4,3,15,4,4,4,4,16,59,98,2015,"Europe","LIE",223,"LIE",438,"eca",NA,NA,1,"Liechtenstein","0.908","Very High","80.0","13","15.0","11.8","79,851","-10",104.3,95.2,NA,NA,NA,NA,NA,33.1,"-16.8","52",NA,NA,NA,NA,NA,NA,NA,NA,NA,NA,NA,NA,NA,NA,NA,NA,NA,NA,NA,NA,NA,NA,NA,NA,NA,NA,NA,NA,NA,NA,NA,NA,NA,NA,NA,NA,NA,NA,NA
"105","Lithuania","F",1,1,4,4,4,12,4,4,4,4,16,4,3,3,10,0,0,38,4,4,4,4,16,4,4,3,11,4,3,3,3,13,4,3,3,3,13,53,91,2015,"Europe","LIT",368,"LTU",440,"eca",1,NA,1,"Lithuania","0.839","Very High","73.3","37","16.4","12.4","24,500","7",147,72.1,1.6,3.1,NA,4.48,-1.9,4.9,"-5.0","2,012",43,3.3,2.6,4.3,4.2,5,5,3.2,4,2.4,3,3,3,32,61,"Lithuania","WE/EU","LTU",NA,60,66,NA,51,81,NA,60,54,63,NA,55,61,32,8,9.38,3.32,51,81,55.522,66.478
"106","Luxembourg","F",1,1,4,4,4,12,4,4,4,4,16,4,3,3,10,0,0,38,4,4,4,4,16,4,4,4,12,4,4,4,4,16,4,4,4,4,16,60,98,2015,"Europe","LUX",212,"LUX",442,"eca",NA,NA,1,"Luxembourg","0.892","Very High","81.7","19","13.9","11.7","58,711","-11",148.4,94.7,50,-168.9,NA,3.02,9.7,43.3,"-85.9","945",22.2,1.7,1.7,3.1,2.1,1.5,1.5,1.3,1.3,1,2,3.4,1.6,10,81,"Luxembourg","WE/EU","LUX",NA,89,NA,NA,85,57,NA,89,NA,83,NA,NA,81,10,5,13.45,6.02,57,89,71.067,90.933
"107","Macedonia","PF",4,3,2,2,3,7,3,2,2,3,10,2,2,2,6,0,0,23,2,3,3,3,11,3,3,2,8,2,2,2,2,8,3,3,2,2,10,37,60,2015,"Europe",NA,NA,NA,NA,NA,NA,NA,NA,"The former Yugoslav Republic of Macedonia","0.747","High","75.4","81","13.4","9.3","11,780","9",109.1,68.1,4.1,-1.6,2.5,3.69,-0.5,6.6,"-5.2","400",64.5,3.3,5.3,7,5.5,5.6,5.7,5.5,4.4,3.9,5.4,7,5.9,66,42,"The FYR of Macedonia","ECA","MKD",NA,61,40,NA,NA,NA,41,NA,21,42,NA,47,42,66,6,12.9,5.27,21,61,33.3045,50.6955
"108","Madagascar","PF",4,4,3,3,3,9,3,2,2,2,9,2,1,1,4,0,0,22,1,2,3,3,9,2,3,3,8,1,1,2,2,6,3,1,1,2,7,30,52,2015,"Sub-Saharan Africa","MAG",580,"MDG",450,"ssa",4,NA,3,"Madagascar","0.510","Low","65.1","154","10.3","6.0","1,328","24",38.2,3.7,7.9,NA,4.9,0.22,0,0.1,"-2.6","196",83.6,8.5,3.9,4.6,6.1,8.5,7.6,7.2,9.1,6.1,7.1,7.6,7.3,123,28,"Madagascar","SSA","MDG",23,29,32,20,NA,NA,20,31,NA,42,NA,NA,28,123,7,7.9,2.99,20,42,23.0665,32.9335
"109","Malawi","PF",3,4,3,3,2,8,3,3,3,3,12,3,2,2,7,0,0,27,2,3,3,3,11,2,2,3,7,3,2,2,2,9,2,2,1,2,7,34,61,2015,"Sub-Saharan Africa","MAW",553,"MWI",454,"ssa",2,NA,2,"Malawi","0.445","Low","62.8","173","10.8","4.3","747","13",30.5,5.8,3.2,-1.9,31.5,0.67,0,1.3,"-20.1","770",86.9,8.8,6.1,5.4,8.1,8.4,8.6,6.9,7.8,6.2,4.8,7.7,8.1,112,31,"Malawi","SSA","MWI",23,32,36,42,NA,NA,27,31,21,32,NA,NA,31,112,8,6.82,2.41,21,42,27.0235,34.9765
"110","Malaysia","PF",4,4,2,2,2,6,2,2,2,1,7,2,2,2,6,0,0,19,2,1,2,2,7,2,2,2,6,1,2,1,1,5,3,3,2,1,9,27,46,2015,"Asia Pacific","MAL",820,"MYS",458,"eap",3,3,3,"Malaysia","0.779","High","74.7","62","12.7","10.0","22,762","-14",148.8,67.5,3.7,0.7,0,0.45,3.1,8.3,"-0.2","25,700",65.9,5.8,4.2,6.2,4.5,5.3,3.6,6.9,4.7,7.2,6.8,6.5,4.2,54,50,"Malaysia","AP","MYS",NA,64,49,NA,53,NA,40,41,54,42,56,NA,50,54,8,8.48,3,40,64,45.05,54.95
"111","Maldives","PF",4,4,2,3,2,7,2,3,1,1,7,3,2,1,6,0,0,20,1,1,2,2,6,2,3,2,7,1,2,2,2,7,2,2,2,2,8,28,48,2015,"Asia Pacific","MAD",781,"MDV",462,"sa",3,NA,2,"Maldives","0.706","High","76.8","104","13.0","5.8","12,328","-19",189.4,49.3,15.7,-13.4,1.2,0.14,0,24.4,"-1,678.1","1,125",74.2,5.8,4.7,4.6,5.6,4.1,6.4,8.5,6.1,7.5,6.1,7.8,7,NA,NA,NA,NA,NA,NA,NA,NA,NA,NA,NA,NA,NA,NA,NA,NA,NA,NA,NA,NA,NA,NA,NA,NA,NA,NA
"112","Mali","PF",5,4,2,2,2,6,2,2,1,2,7,2,1,1,4,0,0,17,2,3,3,3,11,2,2,2,6,2,2,1,1,6,1,1,1,1,4,27,44,2015,"Sub-Saharan Africa","MLI",432,"MLI",466,"ssa",3,4,4,"Mali","0.419","Low","58.0","179","8.4","2.0","1,583","-8",149,7,3.7,-5.7,13.5,7.36,-4,1.3,"-5.3","142",93.1,9.1,7.8,7.6,8.4,7.4,8.2,6,9,6.7,8.7,4.9,9.3,95,35,"Mali","SSA","MLI",35,32,32,40,NA,NA,NA,31,NA,42,NA,NA,35,95,6,4.63,1.89,31,42,31.8815,38.1185
"113","Malta","F",1,1,4,4,4,12,4,4,4,4,16,4,3,4,11,0,0,39,4,4,4,4,16,4,4,4,12,4,4,4,3,15,4,4,3,4,15,58,97,2015,"Europe","MLT",338,"MLT",470,"eca",1,NA,1,"Malta","0.839","Very High","80.6","37","14.4","10.3","27,930","-1",127,73.2,-19.4,52.7,NA,0.35,2.1,8,"-6.3","1,582",40.9,2.8,4.6,3.9,4,2.9,4.2,3.9,2.3,3.3,3.4,2,3.6,37,56,"Malta","WE/EU","MLT",NA,58,NA,NA,NA,41,NA,60,NA,63,NA,NA,56,37,4,9.88,4.94,41,63,47.849,64.151
"114","Marshall Islands","F",1,1,4,3,4,11,3,4,4,4,15,4,3,3,10,0,0,36,4,4,4,4,16,4,4,3,11,4,4,4,3,15,4,3,3,3,13,55,91,2015,"Asia Pacific","MSI",983,"MHL",584,"eap",NA,NA,1,"Marshall Islands","N/A","N/A","N/A","N/A","N/A","N/A","4,674","N/A",29.4,16.8,11.9,NA,41.4,11.93,NA,3.2,"-18.0","5",NA,NA,NA,NA,NA,NA,NA,NA,NA,NA,NA,NA,NA,NA,NA,NA,NA,NA,NA,NA,NA,NA,NA,NA,NA,NA,NA,NA,NA,NA,NA,NA,NA,NA,NA,NA,NA,NA,NA
"115","Mauritania","NF",6,5,1,1,1,3,1,1,0,0,2,1,2,1,4,0,0,9,2,2,3,3,10,1,1,2,4,1,1,1,1,4,1,2,1,0,4,22,31,2015,"Sub-Saharan Africa","MAA",435,"MRT",478,"ssa",3,NA,2,"Mauritania","0.506","Low","63.1","156","8.5","3.8","3,560","-14",94.2,10.7,27.1,NA,7.5,NA,-1,2.3,"-23.0","0",94.9,8.6,8.5,6.9,6.3,7.1,8,7.9,8.9,8,7.4,8.8,8.5,112,31,"Mauritania","SSA","MRT",35,12,32,35,NA,NA,NA,NA,NA,42,NA,NA,31,112,5,11.34,5.07,12,42,22.6345,39.3655
"116","Mauritius","F",1,2,4,4,4,12,4,4,4,3,15,4,3,4,11,0,0,38,3,4,4,4,15,4,4,4,12,3,4,3,3,13,4,3,3,2,12,52,90,2015,"Sub-Saharan Africa","MAS",590,"MUS",480,"ssa",NA,NA,2,"Mauritius","0.777","High","74.4","63","15.6","8.5","17,470","0",132.3,41.4,2.2,-34.1,1.2,0,0,3.6,"-11.6","993",45.2,4.1,2.2,3.8,4.2,4.3,4.7,3.5,3.8,3.4,2.8,3.2,5.2,45,53,"Mauritius","SSA","MUS",NA,56,49,NA,NA,NA,NA,NA,54,52,NA,NA,53,45,4,2.99,1.5,49,56,50.525,55.475
"117","Mexico","PF",3,3,3,3,3,9,3,4,2,3,12,2,2,3,7,0,0,28,2,4,3,3,12,3,3,2,8,2,1,1,2,6,3,2,3,2,10,36,64,2015,"Americas","MEX",70,"MEX",484,"lac",5,3,4,"Mexico","0.756","High","76.8","74","13.1","8.5","16,056","-4",82.5,44.4,3.3,-6,0,1.83,-2,0.9,"-0.6","24,200",71.8,6.2,4.4,6.4,5.8,6.6,4.6,5.9,6.8,6.5,8,5.1,5.5,95,35,"Mexico","AME","MEX",NA,33,28,NA,28,73,20,21,38,42,NA,NA,35,95,8,17,6.01,20,73,25.0835,44.9165
"118","Micronesia","F",1,1,4,4,4,12,4,4,4,3,15,4,3,3,10,0,0,37,4,4,4,4,16,4,4,3,11,4,4,4,3,15,4,4,3,3,14,56,93,2015,"Asia Pacific",NA,NA,NA,NA,NA,NA,NA,NA,"Micronesia (Federated States of)","0.640","Medium","69.1","123","11.7","9.7","3,432","21",NA,NA,0.6,NA,41.7,6.97,-15.7,2.5,NA,"42",73.6,7.1,3.2,4,9,8.4,8.1,6,5.7,3.1,5.1,5.6,8.3,NA,NA,NA,NA,NA,NA,NA,NA,NA,NA,NA,NA,NA,NA,NA,NA,NA,NA,NA,NA,NA,NA,NA,NA,NA,NA
"119","Moldova","PF",3,3,4,3,3,10,4,3,2,3,12,4,1,1,6,0,0,28,2,3,3,3,11,3,3,2,8,2,1,2,2,7,3,2,2,2,9,35,63,2015,"Eurasia",NA,NA,NA,NA,NA,NA,NA,NA,"Moldova (Republic of)","0.693","Medium","71.6","107","11.9","11.2","5,223","23",108,46.6,3.1,-2.7,4.2,24.91,-5.9,11.2,"-12.3","12",73,5.3,4.4,6.5,6.4,5.3,6.3,6.3,5.4,5.4,6.6,7.8,7.3,103,33,"Moldova","ECA","MDA",35,30,40,NA,NA,NA,16,31,38,42,NA,31,33,103,8,8.15,2.88,16,42,28.248,37.752
"120","Monaco","F",2,1,2,4,4,10,3,3,2,3,11,3,4,3,10,0,0,31,4,4,4,4,16,4,4,4,12,3,4,4,4,15,4,3,3,4,14,57,88,2015,"Europe","MNC",221,"MCO",492,"eca",NA,NA,1,"Monaco","N/A","N/A","N/A","N/A","N/A","N/A","N/A","N/A",88.5,92.4,NA,NA,NA,NA,NA,64.2,NA,"328",NA,NA,NA,NA,NA,NA,NA,NA,NA,NA,NA,NA,NA,NA,NA,NA,NA,NA,NA,NA,NA,NA,NA,NA,NA,NA,NA,NA,NA,NA,NA,NA,NA,NA,NA,NA,NA,NA,NA
"121","Mongolia","F",1,2,4,4,3,11,4,4,4,4,16,4,2,3,9,0,0,36,3,4,4,4,15,4,4,3,11,3,3,3,3,12,4,3,3,2,12,50,86,2015,"Asia Pacific","MON",712,"MNG",496,"eap",3,NA,2,"Mongolia","0.727","High","69.4","90","14.6","9.3","10,729","4",105.1,27,18.7,-17,4,2.22,-1.1,0.6,"-3.9","418",57,5.5,2.4,4.3,3.1,6.4,4.3,4.5,5.7,4.8,4,5.5,6.5,72,39,"Mongolia","AP","MNG",47,42,36,NA,37,NA,35,31,38,42,NA,NA,39,72,8,4.99,1.76,31,47,36.096,41.904
"122","Morocco","PF",5,4,1,2,2,5,2,2,1,2,7,1,1,1,3,0,0,15,1,2,2,3,8,2,2,2,6,1,2,2,1,6,2,2,2,1,7,27,42,2015,"Middle East and North Africa","MOR",600,"MAR",504,"mena",3,3,2,"Morocco","0.628","Medium","74.0","126","11.6","4.4","6,850","-8",131.7,56.8,3.2,-3,1.9,6.63,-2.7,0.2,"-7.7","10,000",74.6,5.5,5.3,7.1,7.6,6.3,5.3,6.5,5.7,7,5.7,6.6,6,88,36,"Morocco","MENA","MAR",NA,47,28,NA,NA,NA,22,41,38,42,NA,NA,36,88,6,9.44,3.85,22,47,29.6475,42.3525
"123","Mozambique","PF",4,3,2,2,2,6,2,2,3,3,10,3,2,2,7,0,0,23,3,4,2,3,12,2,3,2,7,2,2,1,2,7,3,2,2,2,9,35,58,2015,"Sub-Saharan Africa","MZM",541,"MOZ",508,"ssa",2,NA,3,"Mozambique","0.416","Low","55.1","180","9.3","3.2","1,123","1",69.7,5.9,42.8,-44.3,14.9,1.39,-0.2,0.8,"-1.1","1,886",86.9,8.7,5,5.9,7.4,8.6,7.8,7.2,9,6.1,7,6.9,7.3,112,31,"Mozambique","SSA","MOZ",35,28,28,22,NA,NA,NA,31,38,32,NA,NA,31,112,7,5.22,1.97,22,38,27.7495,34.2505
"124","Nagorno-Karabakh","PF",5,5,2,1,1,4,2,1,1,1,5,1,1,1,3,0,0,12,1,1,1,3,6,1,1,1,3,1,1,1,1,4,1,1,2,1,5,18,30,2015,"Eurasia",NA,NA,NA,NA,NA,NA,NA,NA,NA,NA,NA,NA,NA,NA,NA,NA,NA,NA,NA,NA,NA,NA,NA,NA,NA,NA,NA,NA,NA,NA,NA,NA,NA,NA,NA,NA,NA,NA,NA,NA,NA,NA,NA,NA,NA,NA,NA,NA,NA,NA,NA,NA,NA,NA,NA,NA,NA,NA,NA,NA,NA,NA,NA,NA,NA,NA
"125","Namibia","F",2,2,4,3,3,10,3,2,3,3,11,3,3,3,9,0,0,30,3,4,4,3,14,4,4,4,12,3,3,3,2,11,3,2,2,2,9,46,76,2015,"Sub-Saharan Africa","NAM",565,"NAM",516,"ssa",2,NA,1,"Namibia","0.628","Medium","64.8","126","11.3","6.2","9,418","-21",113.8,14.8,6.9,-3,2,0.09,-0.3,2.2,"-32.7","1,176",70.8,7,5.5,5.9,6.5,8.1,7.1,3.8,7.3,4.3,4.9,3.5,6.9,45,53,"Namibia","SSA","NAM",NA,48,49,NA,NA,NA,NA,50,54,63,NA,NA,53,45,5,6.14,2.75,48,63,48.4625,57.5375
"126","Nauru","F",1,2,4,4,4,12,4,4,4,4,16,3,3,3,9,0,0,37,2,4,4,4,14,4,4,3,11,3,3,3,3,12,4,4,3,3,14,51,88,2015,"Asia Pacific","NAU",970,"NRU",520,"eap",2,NA,1,"Nauru","N/A","N/A","N/A","N/A","9.3","N/A","N/A","N/A",NA,NA,NA,NA,NA,NA,NA,20.6,NA,NA,NA,NA,NA,NA,NA,NA,NA,NA,NA,NA,NA,NA,NA,NA,NA,NA,NA,NA,NA,NA,NA,NA,NA,NA,NA,NA,NA,NA,NA,NA,NA,NA,NA,NA,NA,NA,NA,NA,NA
"127","Nepal","PF",3,4,3,3,2,8,3,3,2,3,11,3,1,1,5,0,0,24,2,2,2,3,9,2,2,2,6,2,1,1,1,5,2,2,2,1,7,27,51,2015,"Asia Pacific","NEP",790,"NPL",524,"sa",3,2,3,"Nepal","0.548","Low","69.6","145","12.4","3.3","2,311","16",82.5,15.4,0.4,NA,4.5,28.77,-2.9,3.5,"-7.6","798",90.5,7.9,7.6,9.1,7,7.5,6.8,7.1,7.1,7.7,7,8.3,7.4,130,27,"Nepal","AP","NPL",35,33,23,NA,NA,NA,24,NA,NA,22,NA,NA,27,130,5,6.11,2.73,22,35,22.4955,31.5045
"128","Netherlands","F",1,1,4,4,4,12,4,4,4,4,16,4,4,4,12,0,0,40,4,4,4,4,16,4,4,4,12,4,4,4,3,15,4,4,4,4,16,59,99,2015,"Europe","NTH",210,"NLD",528,"eca",1,NA,1,"Netherlands","0.922","Very High","81.6","5","17.9","11.9","45,435","9",116.4,93.2,3.8,7.6,NA,0.18,0.6,11.7,"5.4","12,800",26.8,3,2.1,3.9,2.6,2.7,3.4,1,1.5,1,1.8,2.6,1.2,5,87,"Netherlands","WE/EU","NLD",NA,84,NA,NA,85,97,85,89,88,83,NA,NA,87,5,7,4.79,1.81,83,97,84.0135,89.9865
"129","New Zealand","F",1,1,4,4,4,12,4,4,4,3,15,4,4,4,12,0,0,39,4,4,4,4,16,4,4,4,12,4,4,4,3,15,4,4,4,3,15,58,97,2015,"Asia Pacific","NEW",920,"NZL",554,"eap",1,NA,1,"New Zealand","0.913","Very High","81.8","9","19.2","12.5","32,689","23",112.1,85.5,-0.3,0.8,NA,0.25,3.3,25.1,"14.0","2,629",22.6,1.9,1.1,4.1,2.1,2.8,3.9,0.5,1.9,1,1.1,1.1,1.1,4,88,"New Zealand","AP","NZL",NA,92,NA,NA,93,81,83,98,88,83,NA,NA,88,4,7,6.32,2.39,81,98,84.0565,91.9435
"130","Nicaragua","PF",4,3,2,2,2,6,2,1,1,3,7,2,2,2,6,0,0,19,2,4,3,3,12,2,2,2,6,1,2,2,2,7,3,3,2,2,10,35,54,2015,"Americas","NIC",93,"NIC",558,"lac",3,NA,3,"Nicaragua","0.631","Medium","74.9","125","11.5","6.0","4,457","12",114.6,17.6,7.5,-7.9,4.5,9.61,-4,0.7,NA,"1,229",79,6.2,4.6,6.5,8.1,7.9,6.2,7.3,7.2,5.3,5.6,6.8,7.3,130,27,"Nicaragua","AME","NIC",35,33,28,NA,NA,NA,19,21,21,32,NA,NA,27,130,7,6.61,2.5,19,35,22.875,31.125
"131","Niger","PF",3,4,3,3,3,9,3,3,2,2,10,3,2,2,7,0,0,26,2,3,3,3,11,3,2,3,8,1,2,1,1,5,2,2,1,1,6,30,56,2015,"Sub-Saharan Africa","NIR",436,"NER",562,"ssa",4,NA,3,"Niger","0.348","Low","61.4","188","5.4","1.5","908","-5",44.4,2,8.5,-13,10.7,2.3,-0.3,0.7,"-5.1","123",97.8,9.6,7.9,7.5,6.9,8.4,8.2,7.5,9.3,6.8,8.7,8.9,8.1,99,34,"Niger","SSA","NER",35,NA,36,47,NA,NA,NA,21,NA,32,NA,NA,34,99,5,9.31,4.16,21,47,27.136,40.864
"132","Nigeria","PF",4,5,2,2,2,6,3,2,2,2,9,2,1,1,4,0,1,18,2,1,3,3,9,2,2,3,7,2,1,0,1,4,1,2,1,1,5,25,43,2015,"Sub-Saharan Africa","NIG",475,"NGA",566,"ssa",5,3,4,"Nigeria","0.514","Low","52.8","152","9.0","5.9","5,341","-24",77.8,42.7,1.1,-4.5,0.5,4.46,-0.4,0.7,NA,"600",102.4,8.8,7.5,9.9,7.1,8.8,7.6,9.1,9.1,8.8,9.9,9.8,6,136,26,"Nigeria","SSA","NGA",35,25,28,35,NA,NA,19,21,21,22,NA,NA,26,136,8,6.34,2.24,19,35,22.304,29.696
"133","North Korea","NF",7,7,0,0,0,0,0,0,0,0,0,0,0,0,0,0,0,0,0,0,0,0,0,0,0,0,0,0,0,0,0,0,0,1,1,1,3,3,3,2015,"Asia Pacific","PRK",731,"PRK",408,"eap",5,5,5,"Korea (Democratic People's Rep. of)","N/A","N/A","70.3","N/A","N/A","N/A","N/A","N/A",11.2,0,NA,NA,NA,NA,0,0.2,NA,"0",93.8,7.5,4.3,6.3,4.2,8,9,10,8.9,9.7,8.6,8.5,8.8,167,8,"Korea (North)","AP","PRK",NA,NA,10,NA,NA,NA,NA,12,NA,1,NA,NA,8,167,3,5.86,3.38,1,12,2.423,13.577
"134","Northern Cyprus","F",2,2,4,4,3,11,4,4,2,2,12,3,3,3,9,0,0,32,3,3,4,4,14,3,3,3,9,3,3,3,3,12,3,3,3,3,12,47,79,2015,"Europe",NA,NA,NA,NA,NA,NA,NA,NA,NA,NA,NA,NA,NA,NA,NA,NA,NA,NA,NA,NA,NA,NA,NA,NA,NA,NA,NA,NA,NA,NA,NA,NA,NA,NA,NA,NA,NA,NA,NA,NA,NA,NA,NA,NA,NA,NA,NA,NA,NA,NA,NA,NA,NA,NA,NA,NA,NA,NA,NA,NA,NA,NA,NA,NA,NA,NA
"135","Norway","F",1,1,4,4,4,12,4,4,4,4,16,4,4,4,12,0,0,40,4,4,4,4,16,4,4,4,12,4,4,4,4,16,4,4,4,4,16,60,100,2015,"Europe","NOR",385,"NOR",578,"eca",1,NA,1,"Norway","0.944","Very High","81.6","1","17.5","12.6","64,992","5",116.5,96.3,0.5,11.5,NA,0.15,6,13.8,"-3.4","4,963",20.8,2,1.9,3.7,1.6,2,1.7,0.4,1.4,1.3,2.5,1.1,1.2,5,87,"Norway","WE/EU","NOR",NA,92,NA,NA,84,73,90,98,88,83,NA,NA,87,5,7,7.93,3,73,98,82.05,91.95
"136","Oman","NF",6,5,0,1,1,2,0,0,1,1,2,0,2,0,2,3,0,9,1,2,1,1,5,0,1,2,3,0,1,2,1,4,1,2,1,1,5,17,26,2015,"Middle East and North Africa","OMA",698,"OMN",512,"mena",2,2,1,"Oman","0.793","High","76.8","52","13.6","8.0","34,858","-23",157.8,70.2,2,-0.6,0,0.05,59.2,30.6,"-11.8","1,551",52,5,2,3,1.9,4.2,4.5,6.6,3.8,7.5,4.7,6.6,2.2,60,45,"Oman","MENA","OMN",NA,62,23,NA,NA,NA,NA,50,38,52,NA,NA,45,60,5,14.97,6.69,23,62,33.9615,56.0385
"137","Pakistan","PF",4,5,3,2,2,7,3,3,1,1,8,1,1,3,5,0,0,20,1,1,1,2,5,3,2,2,7,2,1,0,1,4,2,2,1,1,6,22,42,2015,"Asia Pacific","PAK",770,"PAK",586,"sa",4,4,4,"Pakistan","0.538","Low","66.2","147","7.8","4.7","4,866","-14",73.3,13.8,0.6,-0.5,0.9,6.3,-1.8,2.2,"-5.3","966",102.9,9,8.9,10,7,7.3,7.7,8.6,7.9,8.4,9.6,9.2,9.3,117,30,"Pakistan","AP","PAK",23,34,19,NA,NA,NA,26,31,38,42,NA,NA,30,117,7,8.26,3.12,19,42,24.852,35.148
"138","Pakistani Kashmir","NF",6,5,1,2,1,4,1,1,1,1,4,1,1,1,3,0,2,9,1,1,2,2,6,1,1,2,4,1,1,1,1,4,2,2,1,1,6,20,29,2015,"Asia Pacific",NA,NA,NA,NA,NA,NA,NA,NA,NA,NA,NA,NA,NA,NA,NA,NA,NA,NA,NA,NA,NA,NA,NA,NA,NA,NA,NA,NA,NA,NA,NA,NA,NA,NA,NA,NA,NA,NA,NA,NA,NA,NA,NA,NA,NA,NA,NA,NA,NA,NA,NA,NA,NA,NA,NA,NA,NA,NA,NA,NA,NA,NA,NA,NA,NA,NA
"139","Palau","F",1,1,4,4,4,12,4,4,4,3,15,4,3,3,10,0,0,37,4,4,4,4,16,4,4,3,11,4,4,4,3,15,4,3,3,3,13,55,92,2015,"Asia Pacific","PAL",986,"PLW",585,"eap",NA,NA,1,"Palau","0.780","High","72.7","60","13.7","12.3","13,496","18",90.6,NA,2.3,NA,14.8,NA,NA,26.7,NA,"105",NA,NA,NA,NA,NA,NA,NA,NA,NA,NA,NA,NA,NA,NA,NA,NA,NA,NA,NA,NA,NA,NA,NA,NA,NA,NA,NA,NA,NA,NA,NA,NA,NA,NA,NA,NA,NA,NA,NA
"140","Panama","F",2,2,4,4,4,12,4,4,4,3,15,4,2,2,8,0,0,35,3,4,4,4,15,4,4,3,11,2,2,3,2,9,4,3,3,2,12,47,82,2015,"Americas","PAN",95,"PAN",591,"lac",1,NA,1,"Panama","0.780","High","77.6","60","13.3","9.3","18,192","1",158.1,44.9,11.8,-11.1,0,1.06,1.5,4.1,NA,"1,658",54.6,5.7,3.5,5.6,4,7.3,3.4,4,5.5,4.8,5.1,2.5,3.2,72,39,"Panama","AME","PAN",NA,41,36,NA,NA,NA,34,31,38,52,NA,NA,39,72,6,7.37,3.01,31,52,34.0335,43.9665
"141","Papua New Guinea","PF",4,3,3,3,3,9,3,3,2,2,10,2,1,1,4,0,0,23,3,3,3,3,12,3,3,3,9,2,1,2,2,7,3,1,2,2,8,36,59,2015,"Asia Pacific","PNG",910,"PNG",598,"eap",2,2,2,"Papua New Guinea","0.505","Low","62.6","158","9.9","4.0","2,463","-1",44.9,9.4,0.1,-4,4.5,0.09,0,0.3,NA,"174",83.4,7.3,4.6,6.3,7.1,9,6.2,6.9,8.7,6.6,6.9,7.1,6.7,139,25,"Papua New Guinea","AP","PNG",35,NA,28,NA,NA,NA,NA,31,21,11,NA,NA,25,139,5,9.44,4.22,11,35,18.037,31.963
"142","Paraguay","PF",3,3,3,4,3,10,3,4,3,2,12,2,1,2,5,0,0,27,2,4,3,3,12,3,3,2,8,2,1,2,2,7,3,3,3,2,11,38,65,2015,"Americas","PAR",150,"PRY",600,"lac",1,NA,2,"Paraguay","0.679","Medium","72.9","112","11.9","7.7","7,643","-3",105.6,43,1.2,-3,0.5,2.04,-1.2,2.7,NA,"610",71.3,5.9,2.2,5.9,5.2,8.4,5.1,7.1,6.7,6.1,6.5,7.8,4.4,130,27,"Paraguay","AME","PRY",NA,25,36,NA,NA,NA,NA,31,21,22,NA,NA,27,130,5,6.36,2.84,21,36,22.314,31.686
"143","Peru","F",2,3,3,4,3,10,4,4,3,2,13,3,2,2,7,0,0,30,3,4,4,4,15,3,3,2,8,2,2,2,2,8,3,3,2,2,10,41,71,2015,"Americas","PER",135,"PER",604,"lac",2,2,2,"Peru","0.734","High","74.6","84","13.1","9.0","11,015","8",102.9,40.2,4.6,-7.1,0.2,1.34,-2,0.3,NA,"3,164",71.9,5.3,4.8,7.5,6.7,7.3,3.7,7.1,7.1,4.6,7.1,6.7,4,88,36,"Peru","AME","PER",NA,44,45,NA,30,NA,24,31,38,42,NA,NA,36,88,7,8.06,3.05,24,45,30.9675,41.0325
"144","Philippines","PF",3,3,3,3,3,9,2,3,2,3,10,3,2,2,7,0,0,26,2,4,4,4,14,3,2,3,8,2,1,1,1,5,3,2,3,2,10,37,63,2015,"Asia Pacific","PHI",840,"PHL",608,"eap",3,5,4,"Philippines","0.668","Medium","68.2","115","11.3","8.9","7,915","-7",111.2,39.7,1.3,-0.3,0.1,9.81,-1.4,0.2,"-0.2","4,681",86.3,8.2,7.4,8.3,6.2,6.2,6,7.5,7.2,5.9,9.1,8,6.3,95,35,"Philippines","AP","PHL",NA,36,36,NA,33,NA,23,41,38,32,37,NA,35,95,8,5.42,1.92,23,41,31.832,38.168
"145","Poland","F",1,1,4,4,4,12,4,4,4,4,16,4,3,3,10,0,0,38,4,4,4,4,16,4,4,4,12,3,3,4,3,13,4,4,3,3,14,55,93,2015,"Europe","POL",290,"POL",616,"eca",1,NA,1,"Poland","0.843","Very High","77.4","36","15.5","11.8","23,177","10",156.5,66.6,-0.9,0,NA,1.33,-0.2,1.7,"0.2","15,800",39.8,3.3,2.8,4.4,4.4,3.5,4.1,3.2,2.8,2.5,2.3,3.8,2.7,30,62,"Poland","WE/EU","POL",NA,58,71,NA,58,65,67,60,54,73,NA,55,62,30,9,6.93,2.31,54,73,58.1885,65.8115
"146","Portugal","F",1,1,4,4,4,12,4,4,4,4,16,4,3,4,11,0,0,39,4,4,4,4,16,4,4,4,12,4,4,3,4,15,4,4,4,3,15,58,97,2015,"Europe","POR",235,"PRT",620,"eca",1,NA,1,"Portugal","0.830","Very High","80.9","43","16.3","8.2","25,757","-2",111.8,64.6,3.5,-0.2,NA,1.92,1.9,8.4,"1.4","8,097",29.7,2.6,1.6,2.6,2.2,2.9,5.1,1.8,2.7,2.3,1.6,1.8,2.5,28,63,"Portugal","WE/EU","PRT",NA,62,NA,NA,58,57,68,69,54,73,NA,NA,63,28,7,7.12,2.69,54,73,58.5615,67.4385
"147","Puerto Rico","F",1,2,4,4,4,12,4,4,3,4,15,3,3,4,10,0,0,37,4,4,4,4,16,3,4,3,10,3,4,2,3,12,4,4,3,3,14,52,89,2015,"Americas",NA,NA,"PRI",630,"lac",1,NA,NA,NA,NA,NA,NA,NA,NA,NA,NA,NA,NA,NA,NA,NA,NA,NA,NA,NA,NA,NA,NA,NA,NA,NA,NA,NA,NA,NA,NA,NA,NA,NA,NA,NA,NA,NA,NA,NA,NA,NA,NA,NA,NA,NA,NA,NA,NA,NA,NA,NA,NA,NA,NA,NA,NA,NA,NA,NA,NA
"148","Qatar","NF",6,5,0,1,1,2,0,0,1,1,2,0,2,1,3,3,0,10,2,2,2,2,8,1,0,1,2,1,1,2,0,4,1,1,1,1,4,18,28,2015,"Middle East and North Africa","QAT",694,"QAT",634,"mena",2,1,2,"Qatar","0.850","Very High","78.2","32","13.8","9.1","123,124","-31",145.8,91.5,-0.4,11.4,NA,0.28,48.8,73.8,"16.6","2,611",46.3,4.3,1.8,4.6,3.1,5.2,2.6,6,1.8,6.2,2.5,5,3.2,22,71,"Qatar","MENA","QAT",NA,83,40,NA,79,NA,NA,69,71,83,NA,NA,71,22,6,16.23,6.63,40,83,60.0605,81.9395
"149","Romania","F",2,2,4,4,3,11,4,4,3,3,14,4,3,2,9,0,0,34,3,3,4,4,14,4,4,3,11,3,3,3,3,12,4,2,3,3,12,49,83,2015,"Europe","ROM",360,"ROM",642,"eca",2,NA,2,"Romania","0.793","High","74.7","52","14.2","10.8","18,108","10",105.9,54.1,2.2,-6,NA,1.86,-0.4,0.9,"-1.4","8,019",54.2,3.7,2.7,6.8,4.5,4.7,5.2,5.6,4.3,3.9,3.5,5.2,4.1,58,46,"Romania","WE/EU","ROM",NA,36,62,NA,37,57,45,41,38,42,NA,52,46,58,9,9.34,3.11,36,62,40.8685,51.1315
"150","Russia","NF",6,6,0,1,0,1,1,0,1,1,3,1,1,1,3,0,0,7,0,1,1,2,4,1,1,2,4,1,1,0,0,2,1,1,2,2,6,16,23,2015,"Eurasia",NA,NA,NA,NA,NA,NA,NA,NA,"Russian Federation","0.798","High","70.1","50","14.7","12.0","22,352","-1",155.1,70.5,3.4,1.3,NA,0.32,1.5,7.7,"1.2","30,800",80,5.1,5.7,9.3,4.5,6.4,4.4,7.9,4.7,8.9,9.1,8.1,5.9,119,29,"Russia","ECA","RUS",NA,38,28,NA,33,NA,28,21,38,22,NA,21,29,119,8,7.13,2.52,21,38,24.842,33.158
"151","Rwanda","NF",6,6,0,1,1,2,0,0,1,1,2,1,2,2,5,0,0,9,0,3,1,0,4,0,1,1,2,0,2,0,1,3,2,2,2,1,7,16,25,2015,"Sub-Saharan Africa","RWA",517,"RWA",646,"ssa",2,2,3,"Rwanda","0.483","Low","64.2","163","10.3","3.7","1,458","11",64,10.6,1.5,-1.5,14.6,2.26,-0.8,3.8,"-5.7","864",90.2,8,7.9,8.8,7.5,8.2,6.3,6.5,7.3,7.7,6.2,8,7.8,44,54,"Rwanda","SSA","RWA",47,78,40,55,NA,NA,NA,NA,NA,52,NA,NA,54,44,5,14.36,6.42,40,78,43.407,64.593
"152","Samoa","F",2,2,3,3,3,9,3,4,3,3,13,4,3,3,10,0,0,32,3,3,4,4,14,4,3,3,10,3,3,4,3,13,3,3,3,3,12,49,81,2015,"Asia Pacific","WSM",990,"WSM",882,"eap",NA,NA,1,"Samoa","0.702","High","73.4","105","12.9","10.3","5,327","24",55.5,21.2,3,-2.8,15.3,19.71,-13.4,3,NA,"116",68.2,6.2,2.1,4.5,8.9,5.4,6.5,6.2,5,4.5,5.2,5.1,8.6,NA,NA,NA,NA,NA,NA,NA,NA,NA,NA,NA,NA,NA,NA,NA,NA,NA,NA,NA,NA,NA,NA,NA,NA,NA,NA
"153","San Marino","F",1,1,4,4,4,12,4,4,4,4,16,4,4,4,12,0,0,40,4,4,4,4,16,4,4,4,12,4,4,4,4,16,4,4,4,4,16,60,100,2015,"Europe","SNM",331,"SMR",674,"eca",NA,NA,1,"San Marino","N/A","N/A","N/A","N/A","N/A","N/A","N/A","N/A",118.9,NA,NA,NA,NA,NA,NA,15.4,NA,"70",NA,NA,NA,NA,NA,NA,NA,NA,NA,NA,NA,NA,NA,NA,NA,NA,NA,NA,NA,NA,NA,NA,NA,NA,NA,NA,NA,NA,NA,NA,NA,NA,NA,NA,NA,NA,NA,NA,NA
"154","Sao Tome and Principe","F",2,2,4,4,3,11,4,4,3,3,14,4,2,3,9,0,0,34,3,4,4,4,15,4,3,3,10,3,3,3,3,12,3,3,2,2,10,47,81,2015,"Sub-Saharan Africa","STP",403,"STP",678,"ssa",NA,NA,1,"Sao Tome and Principe","0.555","Medium","66.5","143","11.3","4.7","2,918","8",64.9,24.4,3.4,-1.4,16.8,8.53,-1.6,3.3,NA,"12",NA,NA,NA,NA,NA,NA,NA,NA,NA,NA,NA,NA,NA,66,42,"Sao Tome and Principe","SSA","STP",47,NA,NA,47,NA,NA,NA,NA,NA,32,NA,NA,42,66,3,8.66,5,32,47,33.75,50.25
"155","Saudi Arabia","NF",7,7,0,0,0,0,0,0,0,0,0,0,1,0,1,2,0,3,0,0,1,2,3,0,0,0,0,1,1,0,0,2,0,1,0,1,2,7,10,2015,"Middle East and North Africa","SAU",670,"SAU",682,"mena",4,3,3,"Saudi Arabia","0.837","Very High","74.3","39","16.3","8.7","52,821","-27",179.6,63.7,1.2,0.3,0,0.04,2.1,31.4,"-0.8","13,400",71.6,5.8,4.6,7.4,3.7,5.8,4.4,7.8,3.7,9.2,6.4,8,4.8,48,52,"Saudi Arabia","MENA","SAU",NA,77,36,NA,NA,NA,NA,50,54,42,NA,NA,52,48,5,15.72,7.03,36,77,40.4005,63.5995
"156","Senegal","F",2,2,4,4,3,11,3,4,3,3,13,3,3,3,9,0,0,33,3,4,4,4,15,3,4,3,10,2,3,3,2,10,3,3,2,2,10,45,78,2015,"Sub-Saharan Africa","SEN",433,"SEN",686,"ssa",2,NA,2,"Senegal","0.466","Low","66.5","170","7.9","2.5","2,188","-8",98.8,17.7,2,-8.1,6.7,11.18,-1.4,1.5,NA,"1,063",83,8,7.8,6.3,7.4,7.3,7.3,5.5,7.9,6.2,6.2,6.6,6.5,61,44,"Senegal","SSA","SEN",47,43,53,45,NA,NA,38,41,54,32,NA,NA,44,61,8,7.38,2.61,32,54,39.6935,48.3065
"157","Seychelles","PF",3,3,3,3,2,8,3,2,3,2,10,3,2,2,7,0,0,25,2,3,3,3,11,3,3,3,9,2,3,3,3,11,3,3,2,3,11,42,67,2015,"Sub-Saharan Africa","SEY",591,"SYC",690,"ssa",NA,NA,2,"Seychelles","0.772","High","73.1","64","13.4","9.4","23,300","-19",162.2,54.3,12.3,-11.8,1.8,0.89,-3.4,13,"-198.3","230",62.1,5.1,3.1,4.5,5.5,6,4.6,5.7,3.2,4.6,6.6,5.7,7.5,40,55,"Seychelles","SSA","SYC",NA,42,NA,NA,NA,NA,NA,NA,71,52,NA,NA,55,40,3,14.73,8.5,42,71,40.975,69.025
"158","Sierra Leone","PF",3,3,3,3,4,10,2,3,3,3,11,3,1,3,7,0,0,28,2,4,3,3,12,2,3,2,7,2,2,3,2,9,2,3,2,2,9,37,65,2015,"Sub-Saharan Africa","SIE",451,"SLE",694,"ssa",2,NA,2,"Sierra Leone","0.413","Low","50.9","181","8.6","3.1","1,780","-16",76.7,2.1,3.5,-5.4,9.8,1.63,-0.7,1.6,NA,"81",91.9,9.5,8.2,6.2,8.4,8.8,8.7,6.9,9.3,5.6,4.8,7.7,7.8,119,29,"Sierra Leone","SSA","SLE",35,20,40,40,NA,NA,14,31,21,32,NA,NA,29,119,8,9.72,3.44,14,40,23.324,34.676
"159","Singapore","PF",4,4,1,2,1,4,2,2,2,2,8,2,3,2,7,0,0,19,1,3,2,3,9,2,1,1,4,1,2,2,2,7,3,3,3,3,12,32,51,2015,"Asia Pacific","SIN",830,"SGP",702,"eap",1,1,1,"Singapore","0.912","Very High","83.0","11","15.4","10.6","76,628","-7",158.1,82,21.4,3.4,NA,NA,15,42.9,"10.3","11,900",34.4,2.9,1.1,3.1,3.3,4,2.5,3.8,1.8,4.6,1.6,4,1.7,8,85,"Singapore","AP","SGP",NA,92,75,NA,87,NA,90,79,88,83,84,NA,85,8,8,5.7,2.02,75,92,81.667,88.333
"160","Slovenia","F",1,1,4,4,4,12,4,4,4,3,15,4,3,4,11,0,0,38,3,3,4,4,14,4,4,4,12,3,4,4,3,14,4,3,3,3,13,53,91,2015,"Europe","SLV",349,"SVN",705,"eca",1,NA,1,"Slovenia","0.880","Very High","80.4","25","16.8","11.9","27,852","12",112.1,71.6,-0.9,-9.6,NA,1.43,2.1,11.3,"-0.1","2,259",31.6,2.8,1.4,3.9,2.8,3.9,4.2,2.6,2,2,2.1,1.6,2.3,35,60,"Slovenia","WE/EU","SVN",NA,62,66,NA,42,57,58,60,54,73,NA,66,60,35,9,8.79,2.93,42,73,55.1655,64.8345
"161","Solomon Islands","PF",3,3,3,3,3,9,3,3,2,2,10,2,2,2,6,0,0,25,3,4,4,3,14,3,3,3,9,2,2,2,2,8,3,3,3,3,12,43,68,2015,"Asia Pacific","SOL",940,"SLB",90,"eap",NA,NA,1,"Solomon Islands","0.506","Low","67.9","156","9.2","5.0","1,540","16",65.8,9,4.1,-4,30,1.51,-4.3,1.4,NA,"24",85.9,8.5,4.9,6.5,6.3,8.9,7.6,7.3,7.6,5.7,6.4,8.2,8,NA,NA,NA,NA,NA,NA,NA,NA,NA,NA,NA,NA,NA,NA,NA,NA,NA,NA,NA,NA,NA,NA,NA,NA,NA,NA
"162","Somalia","NF",7,7,0,0,0,0,0,0,0,0,0,0,0,0,0,0,0,0,0,0,0,1,1,0,0,0,0,0,0,0,0,0,0,1,0,0,1,2,2,2015,"Sub-Saharan Africa","SOM",520,"SOM",706,"ssa",4,5,4,"Somalia","N/A","N/A","55.4","N/A","N/A","N/A","N/A","N/A",50.9,1.6,NA,NA,NA,NA,-2.9,0.2,NA,"0",114,9.6,9.8,9.5,9.2,9,9.1,9.3,9.3,10,9.7,10,9.5,167,8,"Somalia","SSA","SOM",NA,NA,6,2,NA,NA,NA,12,NA,11,NA,NA,8,167,4,4.65,2.33,2,12,4.1555,11.8445
"163","South Africa","F",2,2,4,4,4,12,3,2,4,4,13,3,2,3,8,0,0,33,3,4,4,4,15,4,4,4,12,3,3,2,2,10,4,3,2,2,11,48,81,2015,"Sub-Saharan Africa","SAF",560,"ZAF",710,"ssa",3,3,4,"South Africa","0.666","Medium","57.4","116","13.6","9.9","12,122","-29",149.7,49,2.2,-2.5,0.4,0.27,-0.4,4.5,"3.6","9,537",67,7,5.9,5.5,4.9,7.4,6.3,5.3,6.4,4.3,5.3,5.6,3.1,61,44,"South Africa","SSA","ZAF",NA,52,45,NA,34,NA,41,41,54,42,NA,NA,44,61,7,6.91,2.61,34,54,39.6935,48.3065
"164","South Korea","F",2,2,4,4,3,11,3,4,3,3,13,4,3,3,10,0,0,34,3,4,3,3,13,4,3,4,11,4,3,3,3,13,4,3,3,3,13,50,84,2015,"Asia Pacific","ROK",732,"KOR",410,"eap",1,NA,2,"Korea (Republic of)","0.898","Very High","81.9","17","16.9","11.9","33,890","13",115.5,84.3,0.9,1.9,NA,0.49,1.2,2.5,"-1.7","12,200",36.3,2.8,1.5,3.4,3.5,3.5,2,3.3,2.4,2.6,2.1,3.8,5.4,37,56,"Korea (South)","AP","KOR",NA,52,58,NA,51,73,70,50,54,52,46,NA,56,37,9,9.26,3.09,46,73,50.9015,61.0985
"165","South Sudan","NF",7,6,1,1,1,3,0,0,0,0,0,1,0,0,1,0,2,2,0,2,1,1,4,1,1,1,3,1,0,0,0,1,2,1,1,1,5,13,15,2015,"Sub-Saharan Africa","SSD",626,"SSD",728,"ssa",5,5,5,"South Sudan","0.467","Low","55.7","169","7.6","5.4","2,332","-9",24.5,15.9,NA,NA,13.4,NA,15.7,5.6,NA,"0",114.5,9.8,10,10,6.9,8.8,9,10,10,10,10,10,10,163,15,"South Sudan","SSA","",12,NA,15,17,NA,NA,NA,NA,NA,NA,NA,NA,15,163,3,2.52,1.45,12,17,12.6075,17.3925
"166","Spain","F",1,1,4,4,4,12,4,4,4,4,16,4,3,4,11,0,0,39,3,4,4,4,15,4,4,4,12,4,4,4,3,15,4,4,4,3,15,57,96,2015,"Europe","SPN",230,"ESP",724,"eca",2,NA,1,"Spain","0.876","Very High","82.6","26","17.3","9.6","32,045","7",107.9,76.2,3.2,-5.8,NA,0.69,2.6,13.8,"1.4","60,700",40.9,2.5,1.7,5.8,2.4,4,5,3.3,2.7,1.9,3.3,6.1,2.2,36,58,"Spain","WE/EU","ESP",NA,55,NA,NA,37,57,65,60,71,63,NA,NA,58,36,7,10.78,4.07,37,71,51.2845,64.7155
"167","Sri Lanka","PF",5,5,2,2,2,6,2,2,2,1,7,2,1,1,4,0,1,16,1,1,2,2,6,2,1,3,6,1,2,1,1,5,2,2,2,2,8,25,41,2015,"Asia Pacific","SRI",780,"LKA",144,"sa",3,3,3,"Sri Lanka","0.757","High","74.9","73","13.7","10.8","9,779","29",103.2,25.8,1.4,-4.4,0.6,9.56,-3,1.5,"-5.1","1,275",90.6,6,8.2,9.3,7.8,7.6,5.9,8,5.6,8.8,7.9,9.1,6.4,83,37,"Sri Lanka","AP","LKA",35,44,28,NA,NA,NA,34,41,38,42,NA,NA,37,83,7,5.53,2.09,28,44,33.5515,40.4485
"168","St. Kitts and Nevis","F",1,1,4,4,4,12,4,4,4,4,16,3,3,3,9,0,0,37,3,4,4,4,15,4,4,4,12,4,3,3,3,13,4,3,3,3,13,53,90,2015,"Americas",NA,NA,NA,NA,NA,NA,NA,NA,"Saint Kitts and Nevis","0.752","High","73.8","77","12.9","8.4","20,805","-21",139.8,65.4,14.5,-14,3.9,6.73,NA,10.5,"-57.9","107",NA,NA,NA,NA,NA,NA,NA,NA,NA,NA,NA,NA,NA,NA,NA,NA,NA,NA,NA,NA,NA,NA,NA,NA,NA,NA,NA,NA,NA,NA,NA,NA,NA,NA,NA,NA,NA,NA,NA
"169","St. Lucia","F",1,1,4,4,4,12,4,4,4,4,16,4,3,4,11,0,0,39,3,4,4,4,15,4,4,4,12,3,3,3,3,12,4,4,3,3,14,53,92,2015,"Americas",NA,NA,NA,NA,NA,NA,NA,NA,"Saint Lucia","0.729","High","75.1","89","12.6","9.3","9,765","14",102.6,51,6.3,-13.3,1.9,2.26,0,6.7,"-31.5","319",NA,NA,NA,NA,NA,NA,NA,NA,NA,NA,NA,NA,NA,NA,NA,NA,NA,NA,NA,NA,NA,NA,NA,NA,NA,NA,NA,NA,NA,NA,NA,NA,NA,NA,NA,NA,NA,NA,NA
"170","St. Vincent and Grenadines","F",1,1,4,4,3,11,4,4,4,4,16,4,3,2,9,0,0,36,3,4,4,4,15,4,4,4,12,3,3,4,3,13,4,4,3,3,14,54,90,2015,"Americas",NA,NA,NA,NA,NA,NA,NA,NA,"Saint Vincent and the Grenadines","0.720","High","72.9","97","13.4","8.6","9,937","3",105.2,56.5,17.9,-19.9,1.1,4.45,-9.1,9.4,NA,"72",NA,NA,NA,NA,NA,NA,NA,NA,NA,NA,NA,NA,NA,NA,NA,NA,NA,NA,NA,NA,NA,NA,NA,NA,NA,NA,NA,NA,NA,NA,NA,NA,NA,NA,NA,NA,NA,NA,NA
"171","Sudan","NF",7,7,1,1,0,2,1,0,1,1,3,1,0,0,1,0,4,2,0,0,1,1,2,0,1,0,1,0,0,0,0,0,0,1,0,0,1,4,6,2015,"Sub-Saharan Africa","SUD",625,"SDN",729,"ssa",5,5,5,"Sudan","0.479","Low","63.5","167","7.0","3.1","3,809","-27",72.2,24.6,3.3,-3.3,1.8,0.64,-4.3,1.2,NA,"591",110.8,8.7,10,9.7,8.8,7.9,8.6,9.6,8.8,9.6,9.5,9.8,9.8,165,12,"Sudan","SSA","SDN",0,NA,15,20,NA,NA,NA,2,21,11,NA,NA,12,165,6,8.92,3.64,0,21,5.994,18.006
"172","Suriname","F",2,2,4,4,4,12,4,4,3,2,13,4,2,2,8,0,0,33,3,4,4,4,15,4,4,3,11,2,1,3,2,8,3,2,3,2,10,44,77,2015,"Americas","SUR",115,"SUR",740,"lac",NA,NA,1,"Suriname","0.714","High","71.1","103","12.7","7.7","15,617","-32",170.6,40.1,2.6,-2.6,0.6,0.13,-1.9,7.7,NA,"249",68.4,5.3,3,5.8,7.3,6.6,6.8,5.5,5.8,4.9,5.4,5.8,6.2,88,36,"Suriname","AME","SUR",NA,35,NA,NA,NA,NA,NA,31,NA,42,NA,NA,36,88,3,5.57,3.22,31,42,30.687,41.313
"173","Swaziland","NF",7,5,0,0,0,0,0,0,0,1,1,0,0,0,0,0,0,1,0,3,1,2,6,0,1,1,2,2,1,1,1,5,1,1,1,1,4,17,18,2015,"Sub-Saharan Africa","SWA",572,"SWZ",748,"ssa",2,2,3,"Swaziland","0.531","Low","49.0","150","11.3","7.1","5,542","-25",72.3,27.1,0.6,-0.3,3.4,0.79,-1,2,"-32.8","968",86.3,8.5,4.9,3.7,6.9,8.1,9.3,8.5,7.5,8.5,6,6.8,7.6,NA,NA,NA,NA,NA,NA,NA,NA,NA,NA,NA,NA,NA,NA,NA,NA,NA,NA,NA,NA,NA,NA,NA,NA,NA,NA
"174","Sweden","F",1,1,4,4,4,12,4,4,4,4,16,4,4,4,12,0,0,40,4,3,4,4,15,4,4,4,12,4,4,4,4,16,4,4,4,4,16,59,99,2015,"Europe","SWD",380,"SWE",752,"eca",1,NA,1,"Sweden","0.907","Very High","82.2","14","15.8","12.1","45,636","-1",127.8,92.5,-0.9,-3.3,NA,0.2,4.2,15.9,"1.8","5,229",20.2,2.5,2.3,1.3,1.5,1.8,2.3,1,1.6,1,2.1,1.8,1,3,89,"Sweden","WE/EU","SWE",NA,89,NA,NA,87,89,88,98,88,83,NA,NA,89,3,7,4.53,1.71,83,98,86.1785,91.8215
"175","Switzerland","F",1,1,4,4,4,12,4,4,4,3,15,4,4,4,12,0,0,39,4,3,4,4,15,4,4,4,12,4,4,4,3,15,4,4,4,3,15,57,96,2015,"Europe","SWZ",225,"CHE",756,"eca",1,NA,1,"Switzerland","0.930","Very High","83.0","3","15.8","12.8","56,431","6",140.5,87,-1.2,12.6,NA,0.46,8,28.9,"12.6","8,967",22.3,1.9,2.1,3.6,2.1,2.7,2,1,1.4,1.8,1.4,1,1.3,7,86,"Switzerland","WE/EU","CHE",NA,87,NA,NA,88,89,NA,89,88,73,NA,NA,86,7,6,6.25,2.55,73,89,81.7925,90.2075
"176","Syria","NF",7,7,0,0,0,0,0,0,0,0,0,0,0,0,0,0,3,-3,0,1,0,1,2,0,0,0,0,0,0,0,0,0,0,0,0,0,0,2,-1,2015,"Middle East and North Africa",NA,NA,NA,NA,NA,NA,NA,NA,"Syrian Arab Republic","0.594","Medium","69.6","134","12.3","6.3","2,728","21",71,28.1,3.1,NA,0.2,2.55,-13.7,6.4,NA,"5,070",107.9,8.1,10,10,7.4,7,7.5,9.9,8.2,10,10,9.9,9.9,154,18,"Syria","MENA","SYR",NA,NA,6,NA,NA,NA,NA,12,21,32,NA,NA,18,154,4,11.32,5.66,6,32,8.661,27.339
"177","Taiwan (ROC)","F",1,2,4,4,4,12,4,4,3,4,15,4,3,3,10,0,0,37,3,4,3,4,14,3,4,3,10,4,3,4,3,14,4,3,3,3,13,51,88,2015,"Asia Pacific",NA,NA,NA,NA,NA,NA,NA,NA,NA,NA,NA,NA,NA,NA,NA,NA,NA,NA,NA,NA,NA,NA,NA,NA,NA,NA,NA,NA,NA,NA,NA,NA,NA,NA,NA,NA,NA,NA,NA,NA,30,62,"Taiwan","AP","TWN",NA,70,79,NA,60,NA,NA,50,54,63,56,NA,62,30,7,10.01,3.78,50,79,55.763,68.237
"178","Tajikistan","NF",6,6,0,1,1,2,1,0,1,1,3,1,0,1,2,0,0,7,1,1,1,2,5,1,1,1,3,1,1,0,1,3,1,1,1,1,4,15,22,2015,"Eurasia","TAJ",702,"TJK",762,"eca",3,3,3,"Tajikistan","0.624","Medium","69.4","129","11.2","10.4","2,517","27",95.1,17.5,1.3,-1,4.5,47.5,-2.5,3.4,"-4.2","208",83.4,7.8,4.8,7.3,6.3,5.6,7.4,9.1,5.9,7.6,6.8,8.4,6.4,136,26,"Tajikistan","ECA","TJK",23,53,15,NA,NA,NA,NA,NA,NA,11,NA,26,26,136,5,16.46,7.36,11,53,13.856,38.144
"179","Tanzania","PF",3,3,3,3,3,9,3,3,3,3,12,3,2,2,7,0,0,28,2,3,3,2,10,2,3,2,7,2,3,2,2,9,3,2,2,2,9,35,63,2015,"Sub-Saharan Africa",NA,NA,NA,NA,NA,NA,NA,NA,"Tanzania (United Republic of)","0.521","Low","65.0","151","9.2","5.1","2,411","8",62.8,4.9,4.3,-5.7,7.9,0.14,-0.6,0.6,"-9.3","1,063",80.8,8.8,6.4,5.7,7,7,6.7,6,8.7,6,5.5,5.7,7.3,117,30,"Tanzania","SSA","TZA",35,31,32,42,NA,NA,21,31,38,11,NA,NA,30,117,8,9.86,3.49,11,42,24.2415,35.7585
"180","Thailand","NF",6,5,0,0,1,1,1,1,1,1,4,0,2,1,3,0,0,8,1,3,1,1,6,1,1,2,4,1,1,1,2,5,3,2,3,2,10,25,33,2015,"Asia Pacific","THI",800,"THA",764,"eap",4,3,3,"Thailand","0.726","High","74.4","93","13.5","7.3","13,323","-13",144.4,34.9,3.3,0.4,0,1.47,0.3,5.6,"-0.2","26,500",79.1,6.9,6,8.5,4.1,5.8,4,8,4.9,7.7,8.9,10,4.3,76,38,"Thailand","AP","THA",NA,43,40,NA,38,NA,26,31,38,42,42,NA,38,76,8,6,2.12,26,43,34.502,41.498
"181","The Gambia","NF",6,6,0,1,1,2,1,1,1,2,5,0,0,0,0,0,0,7,0,2,1,0,3,0,1,2,3,0,0,0,1,1,2,2,1,1,6,13,20,2015,"Sub-Saharan Africa","GAM",420,"GMB",270,"ssa",4,3,3,"Gambia","0.441","Low","60.2","175","8.8","2.8","1,507","-2",119.6,15.6,2.8,NA,12.7,15.45,-1.5,8.8,NA,"171",NA,NA,NA,NA,NA,NA,NA,NA,NA,NA,NA,NA,NA,123,28,"Gambia","SSA","GMB",12,49,NA,15,NA,NA,NA,31,NA,32,NA,NA,28,123,5,14.92,6.67,12,49,16.9945,39.0055
"182","Tibet","NF",7,7,0,0,0,0,0,0,0,0,0,0,1,0,1,0,3,-2,0,0,0,0,0,0,0,0,0,0,0,0,0,0,0,1,1,1,3,3,1,2015,"Asia Pacific",NA,NA,NA,NA,NA,NA,NA,NA,NA,NA,NA,NA,NA,NA,NA,NA,NA,NA,NA,NA,NA,NA,NA,NA,NA,NA,NA,NA,NA,NA,NA,NA,NA,NA,NA,NA,NA,NA,NA,NA,NA,NA,NA,NA,NA,NA,NA,NA,NA,NA,NA,NA,NA,NA,NA,NA,NA,NA,NA,NA,NA,NA,NA,NA,NA,NA
"183","Togo","PF",4,4,1,2,2,5,2,2,2,2,8,2,1,2,5,0,0,18,2,3,2,2,9,1,2,3,6,2,2,2,1,7,2,2,1,2,7,29,47,2015,"Sub-Saharan Africa","TOG",461,"TGO",768,"ssa",3,NA,1,"Togo","0.484","Low","59.7","162","12.2","4.5","1,228","17",69,5.7,1.9,-0.8,6,10.61,-0.3,3,"-9.4","327",86.8,8,7.1,4.5,7.3,8.1,6.8,8.1,8.6,7.2,7,7.6,6.5,107,32,"Togo","SSA","TGO",23,NA,32,30,NA,NA,NA,31,NA,42,NA,NA,32,107,5,6.8,3.04,23,42,26.984,37.016
"184","Tonga","F",2,2,4,4,3,11,4,4,3,3,14,3,1,2,6,0,0,31,3,4,3,3,13,3,3,2,8,3,3,3,2,11,4,3,3,2,12,44,75,2015,"Asia Pacific","TON",955,"TON",776,"eap",NA,NA,1,"Tonga","0.717","High","72.8","100","14.7","10.7","5,069","32",64.3,40,2.5,NA,16.8,23.8,-15.4,5.2,NA,"45",NA,NA,NA,NA,NA,NA,NA,NA,NA,NA,NA,NA,NA,NA,NA,NA,NA,NA,NA,NA,NA,NA,NA,NA,NA,NA,NA,NA,NA,NA,NA,NA,NA,NA,NA,NA,NA,NA,NA
"185","Transnistria","NF",6,6,1,1,1,3,1,2,1,1,5,1,0,1,2,0,0,10,0,2,1,2,5,1,1,0,2,0,0,1,1,2,2,1,1,1,5,14,24,2015,"Eurasia",NA,NA,NA,NA,NA,NA,NA,NA,NA,NA,NA,NA,NA,NA,NA,NA,NA,NA,NA,NA,NA,NA,NA,NA,NA,NA,NA,NA,NA,NA,NA,NA,NA,NA,NA,NA,NA,NA,NA,NA,NA,NA,NA,NA,NA,NA,NA,NA,NA,NA,NA,NA,NA,NA,NA,NA,NA,NA,NA,NA,NA,NA,NA,NA,NA,NA
"186","Trinidad and Tobago","F",2,2,4,4,3,11,3,4,3,3,13,4,2,3,9,0,0,33,4,3,4,4,15,4,4,3,11,3,2,2,2,9,4,3,3,3,13,48,81,2015,"Americas","TRI",52,"TTO",780,"lac",2,NA,2,"Trinidad and Tobago","0.772","High","70.4","64","12.3","10.9","26,090","-25",147.3,65.1,7,NA,0,0.53,-2.2,2.4,"-27.8","434",58.7,5,3,4.1,7.5,5.5,4.3,5,4.8,4.6,5.7,5.6,3.6,72,39,"Trinidad and Tobago","AME","TTO",NA,34,NA,NA,NA,NA,NA,31,38,52,NA,NA,39,72,4,9.29,4.65,31,52,31.3275,46.6725
"187","Tunisia","F",1,3,4,4,4,12,4,4,4,4,16,3,2,3,8,0,0,36,3,3,3,4,13,4,3,3,10,2,2,3,2,9,3,2,4,2,11,43,79,2015,"Middle East and North Africa","TUN",616,"TUN",788,"mena",3,2,2,"Tunisia","0.721","High","74.8","96","14.6","6.8","10,404","1",128.5,46.2,2.3,-2.4,1.6,4.87,-0.6,0.3,"-3.2","6,269",75.8,4.7,4.1,7.8,5.5,5.4,6.6,7,4.9,7,7.8,8.1,6.9,76,38,"Tunisia","MENA","TUN",NA,42,28,NA,NA,NA,38,41,38,42,NA,NA,38,76,6,5.31,2.17,28,42,34.4195,41.5805
"188","Turkey","PF",3,4,3,4,3,10,2,3,3,2,10,3,1,2,6,0,0,26,1,2,2,3,8,1,2,2,5,1,1,3,2,7,3,2,2,2,9,29,55,2015,"Europe","TUR",640,"TUR",792,"eca",4,4,4,"Turkey","0.761","High","75.3","72","14.5","7.6","18,677","-12",94.8,51,1.6,-4.1,0.3,0.14,0.9,2.5,"0.2","37,800",74.5,5.5,7.5,9,3.7,6.2,5,6.3,4.9,6.4,7.7,7.3,5,66,42,"Turkey","ECA","TUR",NA,53,45,NA,42,41,33,41,38,42,NA,NA,42,66,8,5.72,2.02,33,53,38.667,45.333
"189","Turkmenistan","NF",7,7,0,0,0,0,1,0,0,0,1,0,0,0,0,0,0,1,0,1,0,1,2,0,0,0,0,0,0,0,0,0,1,1,1,0,3,5,6,2015,"Eurasia","TKM",701,"TKM",795,"eca",3,4,3,"Turkmenistan","0.688","Medium","65.6","109","10.8","9.9","13,066","-28",135.8,12.2,7.3,NA,0.1,NA,-1,4.3,NA,"8",77.5,5.7,3.9,7.1,5.1,6.9,5,9.7,6.1,8.8,6.8,7.8,4.6,154,18,"Turkmenistan","ECA","TKM",NA,NA,19,NA,NA,NA,NA,NA,21,11,NA,21,18,154,4,4.76,2.38,11,21,14.073,21.927
"190","Tuvalu","F",1,1,4,4,4,12,4,4,4,3,15,4,3,3,10,0,0,37,4,4,4,4,16,4,4,4,12,4,4,4,3,15,4,4,3,3,14,57,94,2015,"Asia Pacific","TUV",947,"TUV",798,"eap",NA,NA,1,"Tuvalu","N/A","N/A","N/A","N/A","N/A","N/A","5,278","N/A",38.4,NA,0.9,NA,48.3,10.59,NA,1.5,NA,"1",NA,NA,NA,NA,NA,NA,NA,NA,NA,NA,NA,NA,NA,NA,NA,NA,NA,NA,NA,NA,NA,NA,NA,NA,NA,NA,NA,NA,NA,NA,NA,NA,NA,NA,NA,NA,NA,NA,NA
"191","Uganda","NF",6,5,1,1,1,3,1,1,1,2,5,1,1,1,3,0,0,11,1,3,3,2,9,1,1,2,4,2,1,1,1,5,2,2,1,2,7,25,36,2015,"Sub-Saharan Africa","UGA",500,"UGA",800,"ssa",3,2,3,"Uganda","0.483","Low","58.5","163","9.8","5.4","1,613","6",52.4,17.7,4.8,-5.5,7,3.77,-0.8,1.4,"7.2","1,206",97,8.9,8.8,8.7,7.3,7.3,7,8,8.3,7.9,7.6,8.9,8.3,139,25,"Uganda","SSA","UGA",12,28,32,32,NA,NA,15,21,38,22,NA,NA,25,139,8,9.02,3.19,12,38,19.7365,30.2635
"192","Ukraine","PF",3,3,4,3,2,9,3,3,1,3,10,3,1,2,6,0,0,25,2,3,3,3,11,3,3,3,9,1,2,1,2,6,4,2,3,2,11,37,62,2015,"Eurasia","UKR",369,"UKR",804,"eca",4,5,4,"Ukraine","0.747","High","71.0","81","15.1","11.3","8,178","25",144.1,43.4,2.5,-7.3,0.4,5.45,-0.2,11.4,"0.5","24,700",76.3,4.5,4.4,7,5.5,4.7,6.5,8.5,3.8,6.4,7.9,8,9.1,130,27,"Ukraine","ECA","UKR",NA,28,36,NA,26,NA,22,21,21,32,NA,29,27,130,8,5.46,1.93,21,36,23.8155,30.1845
"193","United Arab Emirates","NF",6,6,0,1,0,1,0,0,1,1,2,0,2,0,2,3,0,8,1,1,1,1,4,1,0,1,2,0,1,1,1,3,1,1,1,1,4,13,21,2015,"Middle East and North Africa","UAE",696,"ARE",784,"mena",3,3,3,"United Arab Emirates","0.835","Very High","77.0","41","13.3","9.5","60,868","-34",178.1,90.4,2.6,NA,NA,NA,11.4,83.7,"38.2","7,126",46.2,4.5,2.2,3.9,2.5,4.2,2.9,6.6,2.7,7.1,3.1,3.6,2.9,23,70,"United Arab Emirates","MENA","ARE",NA,91,53,NA,76,NA,77,69,54,73,NA,NA,70,23,7,13.41,5.07,53,91,61.6345,78.3655
"194","United Kingdom","F",1,1,4,4,4,12,4,4,4,4,16,4,4,4,12,0,0,40,3,4,4,4,15,4,4,4,12,4,4,4,3,15,4,4,4,3,15,57,97,2015,"Europe","UKG",200,"GBR",826,"eca",1,NA,1,"United Kingdom","0.907","Very High","80.7","14","16.2","13.1","39,267","9",123.6,91.6,1.8,-3.9,NA,0.06,2.9,12.4,"16.3","31,200",33.4,2.6,2.4,5.6,2.1,3.7,3.9,2,2.1,1.8,2.5,3.5,1.2,10,81,"United Kingdom","WE/EU","GBR",NA,82,NA,NA,81,73,80,89,88,73,NA,NA,81,10,7,6.36,2.4,73,89,77.04,84.96
"195","United States of America","F",1,1,4,4,3,11,4,4,4,4,16,3,4,3,10,0,0,37,4,4,4,3,15,4,4,3,11,4,4,3,3,14,4,4,4,3,15,55,92,2015,"Americas",NA,NA,NA,NA,NA,NA,NA,NA,"United States","0.915","Very High","79.1","8","16.5","12.9","52,947","3",98.4,87.4,1.8,0.7,NA,0.04,3.1,14.3,"3.6","69,800",35.3,3,2.1,5,1.5,4.8,2.8,2.4,2.1,3.7,2.8,4,1.1,NA,NA,NA,NA,NA,NA,NA,NA,NA,NA,NA,NA,NA,NA,NA,NA,NA,NA,NA,NA,NA,NA,NA,NA,NA,NA
"196","Uruguay","F",1,1,4,4,4,12,4,4,4,4,16,4,4,4,12,0,0,40,4,4,4,4,16,4,4,4,12,4,3,4,4,15,4,4,4,3,15,58,98,2015,"Americas","URU",165,"URY",858,"lac",1,NA,1,"Uruguay","0.793","High","77.2","52","15.5","8.5","19,283","7",160.8,61.5,5,-10,0.1,0.22,-1.8,2.2,NA,"2,683",36.5,3.5,1.9,3,4.4,4.2,3.2,1.4,3.4,2.2,3.7,2.7,2.9,21,74,"Uruguay","AME","URY",NA,71,79,NA,NA,NA,70,79,71,73,NA,NA,74,21,6,4.12,1.68,70,79,71.228,76.772
"197","Uzbekistan","NF",7,7,0,0,0,0,0,0,0,0,0,0,0,0,0,0,0,0,0,1,0,0,1,0,0,0,0,0,0,0,0,0,1,1,1,0,3,4,4,2015,"Eurasia","UZB",704,"UZB",860,"eca",3,4,3,"Uzbekistan","0.675","Medium","68.4","114","11.5","10.9","5,567","10",73.8,43.6,1.9,NA,0.5,NA,-1.4,4.4,"-8.3","1,969",85.4,6.1,6,7.6,6.3,7,6.8,9.6,5.4,9.1,7.6,8.8,5.1,153,19,"Uzbekistan","ECA","UZB",12,NA,19,NA,NA,NA,29,NA,21,11,NA,21,19,153,6,6.65,2.71,11,29,14.5285,23.4715
"198","Vanuatu","F",2,2,3,3,3,9,4,4,4,3,15,4,2,2,8,0,0,32,3,4,4,4,15,4,4,3,11,2,2,3,3,10,4,3,2,2,11,47,79,2015,"Asia Pacific","VAN",935,"VUT",548,"eap",NA,NA,1,"Vanuatu","0.594","Medium","71.9","134","10.6","6.8","2,803","19",60.4,18.8,4,-2,11.4,2.86,0,1.2,NA,"110",NA,NA,NA,NA,NA,NA,NA,NA,NA,NA,NA,NA,NA,NA,NA,NA,NA,NA,NA,NA,NA,NA,NA,NA,NA,NA,NA,NA,NA,NA,NA,NA,NA,NA,NA,NA,NA,NA,NA
"199","Venezuela","PF",5,5,2,2,1,5,1,1,1,3,6,1,0,1,2,0,0,13,1,3,2,2,8,1,1,1,3,1,0,1,1,3,2,1,3,2,8,22,35,2015,"Americas",NA,NA,NA,NA,NA,NA,NA,NA,"Venezuela (Bolivarian Republic of)","0.762","High","74.2","71","14.2","8.9","16,159","-2",99,57,1.6,-1.2,0,0.03,0.3,3.9,"-0.5","986",78.6,5.1,4.8,7.3,5.2,6.7,6.5,8.6,7.2,8.3,6.5,8.1,4.3,158,17,"Venezuela","AME","VEN",NA,21,15,NA,25,NA,5,12,21,22,NA,NA,17,158,7,6.99,2.64,5,25,12.644,21.356
"200","Vietnam","NF",7,5,0,0,0,0,0,0,0,1,1,0,1,1,2,0,0,3,1,1,1,1,4,1,0,0,1,1,1,1,1,4,2,1,3,2,8,17,20,2015,"Asia Pacific",NA,NA,NA,NA,NA,NA,NA,NA,"Viet Nam","0.666","Medium","75.8","116","11.9","7.5","5,092","15",147.1,48.3,5.2,-4.9,2.5,6.35,-0.4,0.1,"-2.2","7,572",72.4,6.1,4.7,6.5,5.6,5.5,5.8,8.1,5.2,7.8,5.1,6.9,5.1,112,31,"Vietnam","AP","VNM",35,37,28,NA,NA,NA,36,41,21,22,31,NA,31,112,8,7.23,2.56,21,41,26.776,35.224
"201","West Bank","NF",6,5,0,0,2,2,1,1,1,2,5,0,1,1,2,0,3,6,1,3,2,3,9,2,2,2,6,2,2,0,1,5,1,1,2,1,5,25,31,2015,"Middle East and North Africa",NA,NA,NA,NA,NA,NA,NA,NA,NA,NA,NA,NA,NA,NA,NA,NA,NA,NA,NA,NA,NA,NA,NA,NA,NA,NA,NA,NA,NA,NA,NA,NA,NA,NA,NA,NA,NA,NA,NA,NA,NA,NA,NA,NA,NA,NA,NA,NA,NA,NA,NA,NA,NA,NA,NA,NA,NA,NA,NA,NA,NA,NA,NA,NA,NA,NA
"202","Western Sahara","NF",7,7,0,0,0,0,0,0,0,0,0,0,0,0,0,0,2,-2,0,2,0,1,3,0,0,0,0,0,0,0,0,0,1,1,2,0,4,7,5,2015,"Middle East and North Africa",NA,NA,"ESH",732,"mena",NA,NA,3,NA,NA,NA,NA,NA,NA,NA,NA,NA,NA,NA,NA,NA,NA,NA,NA,NA,NA,NA,NA,NA,NA,NA,NA,NA,NA,NA,NA,NA,NA,NA,NA,NA,NA,NA,NA,NA,NA,NA,NA,NA,NA,NA,NA,NA,NA,NA,NA,NA,NA,NA,NA,NA,NA,NA,NA,NA,NA
"203","Yemen","NF",6,6,1,0,2,3,2,1,0,1,4,0,1,1,2,0,0,9,1,2,2,1,6,1,1,1,3,1,0,0,1,2,2,1,1,1,5,16,25,2015,"Middle East and North Africa","YEM",679,"YEM",887,"mena",5,5,5,"Yemen","0.498","Low","63.8","160","9.2","2.6","3,519","-17",68.5,22.6,-0.4,0.8,2.9,9.3,-1.1,1.3,"-0.8","990",108.1,9.2,9.1,9.4,7.5,8.1,9.3,9.3,8.2,9.1,10,9.4,9.5,154,18,"Yemen","MENA","YEM",12,14,28,NA,NA,NA,NA,12,21,22,NA,NA,18,154,6,6.52,2.66,12,28,13.611,22.389
"204","Zambia","PF",3,4,3,2,3,8,3,3,3,3,12,2,2,2,6,0,0,26,2,3,3,3,11,2,2,3,7,2,2,2,2,8,3,2,1,2,8,34,60,2015,"Sub-Saharan Africa","ZAM",551,"ZMB",894,"ssa",2,NA,3,"Zambia","0.586","Medium","60.1","139","13.5","6.6","3,734","2",67.3,17.3,6.8,-6.4,4.4,0.2,-0.6,0.7,NA,"915",85.2,9.4,6.9,5.7,7.8,8.6,7.7,7.4,7.6,6.8,5,5.7,6.6,76,38,"Zambia","SSA","ZMB",35,46,28,50,NA,NA,36,41,38,32,NA,NA,38,76,8,7.23,2.56,28,50,33.776,42.224
"205","Zimbabwe","NF",5,6,1,1,1,3,2,2,1,1,6,1,1,1,3,0,0,12,1,2,1,2,6,1,1,1,3,1,0,0,1,2,2,1,1,1,5,16,28,2015,"Sub-Saharan Africa","ZIM",552,"ZWE",716,"ssa",3,3,4,"Zimbabwe","0.509","Low","57.5","155","10.9","7.3","1,615","13",80.8,19.9,3,NA,6.5,NA,5.7,2.6,"-16.7","1,833",100,8.7,8.4,7.8,8,8.1,8,9,8.5,8.3,7.9,9.7,7.6,150,21,"Zimbabwe","SSA","ZWE",0,38,15,17,NA,NA,23,12,38,22,NA,NA,21,150,8,12.85,4.54,0,38,13.509,28.491
"206","Montenegro","F",3,2,3,3,3,9,3,2,3,3,11,3,2,2,7,0,0,27,2,3,3,4,12,4,3,3,10,2,2,3,3,10,3,3,3,3,12,44,71,2015,"Europe","MNG",341,"MNE",499,"eca",3,NA,1,"Montenegro","0.802","Very High","76.2","49","15.2","11.2","14,558","27",163,61,10.1,-11,2.8,9.59,-0.8,8.2,NA,"1,324",54.2,3.3,4.5,7.3,3.6,2.9,4.6,4,3.6,4.2,4,6.3,5.9,61,44,"Montenegro","ECA","MON",NA,50,53,NA,NA,NA,NA,NA,NA,32,NA,39,44,61,4,9.75,4.88,32,53,35.948,52.052
"207","Serbia","F",2,2,3,4,3,10,4,4,3,3,14,3,2,2,7,0,0,31,3,4,4,4,15,4,4,3,11,2,3,3,2,10,4,3,3,3,13,49,80,2015,"Europe",NA,NA,"SRB",688,"eca",1,2,2,"Serbia","0.771","High","74.9","66","14.4","10.5","12,190","20",122.1,53.5,4.3,-9.2,1.8,8.84,-2.1,5.6,"-1.2","922",73.8,5.5,7,8.1,5.3,5.3,6.7,5.7,4.7,4.9,6,8,6.6,71,40,"Serbia","ECA","SCG",NA,37,58,NA,NA,NA,27,31,38,42,NA,47,40,71,7,10.33,3.9,27,58,33.565,46.435
"208","Slovakia","F",1,1,4,4,4,12,4,4,4,3,15,4,3,3,10,0,0,37,3,4,4,4,15,4,4,4,12,3,3,3,3,12,4,4,3,3,14,53,90,2015,"Europe","SLO",317,"SVK",703,"eca",2,NA,2,"Slovakia","0.844","Very High","76.3","35","15.1","12.2","25,845","5",116.9,80,2.2,-10.8,NA,2.12,0.6,2.7,"-10.9","6,235",42.6,2.8,2,5.9,4.2,4,5.1,3.7,2.9,2.7,2.3,3.7,3.3,50,51,"Slovakia","WE/EU","SVK",NA,38,62,NA,35,57,NA,50,54,63,NA,52,51,50,8,10.25,3.62,35,63,45.027,56.973
"209","Somaliland","PF",4,5,3,0,2,5,3,3,2,2,10,2,2,2,6,0,0,21,1,2,2,2,7,1,2,2,5,2,2,1,2,7,2,2,1,1,6,25,46,2015,"Sub-Saharan Africa",NA,NA,NA,NA,NA,NA,NA,NA,NA,NA,NA,NA,NA,NA,NA,NA,NA,NA,NA,NA,NA,NA,NA,NA,NA,NA,NA,NA,NA,NA,NA,NA,NA,NA,NA,NA,NA,NA,NA,NA,NA,NA,NA,NA,NA,NA,NA,NA,NA,NA,NA,NA,NA,NA,NA,NA,NA,NA,NA,NA,NA,NA,NA,NA,NA,NA
"210","South Ossetia","NF",7,6,0,1,1,2,1,1,0,0,2,0,0,0,0,0,3,1,0,2,1,1,4,1,0,0,1,0,0,0,1,1,1,0,2,0,3,9,10,2015,"Eurasia",NA,NA,NA,NA,NA,NA,NA,NA,NA,NA,NA,NA,NA,NA,NA,NA,NA,NA,NA,NA,NA,NA,NA,NA,NA,NA,NA,NA,NA,NA,NA,NA,NA,NA,NA,NA,NA,NA,NA,NA,NA,NA,NA,NA,NA,NA,NA,NA,NA,NA,NA,NA,NA,NA,NA,NA,NA,NA,NA,NA,NA,NA,NA,NA,NA,NA
